:020000040800F2
:10000000881D0120C101000879250008652100082C
:1000100075250008910300083D2900080000000034
:10002000000000000000000000000000F1250008B2
:100030009503000800000000812500082126000823
:10004000DB010008DB010008DB010008DB01000820
:10005000DB010008DB010008DB010008DB01000810
:10006000DB010008750600087D060008DB010008BA
:10007000DB010008DB010008DB010008DB010008F0
:10008000DB010008DB010008DB010008DB010008E0
:10009000DB010008DB010008DB0100088506000821
:1000A000DB01000805270008DB010008DB01000870
:1000B000DB010008DB010008DB010008DB010008B0
:1000C000DB010008DB010008DB010008DB010008A0
:1000D000DB010008DB010008DB010008DB01000890
:1000E000DB010008DB010008DB010008DB01000880
:1000F000DB010008DB010008DB010008DB01000870
:10010000DB010008DB010008DB010008DB0100085F
:10011000DB010008DB010008DB010008DB0100084F
:10012000DB010008DB010008DB010008DB0100083F
:10013000DB01000899030008DB010008DB0100086F
:10014000DB010008DB010008DB010008DB0100081F
:10015000DB010008DB010008DB010008DB0100080F
:10016000DB010008DB010008DB010008DB010008FF
:10017000DB010008DB010008DB01000800000000D3
:10018000DB010008DB010008DB010008DB010008DF
:10019000DB010008DB010008DB010008DB010008CF
:1001A000DB010008DB010008DB010008DFF80CD0F0
:1001B00000F0DCF800480047E5630008881D0120D6
:1001C0000648804706480047FEE7FEE7FEE7FEE7F1
:1001D000FEE7FEE7FEE7FEE7FEE7FEE7F1260008A2
:1001E000AD0100082DE9F05F0546002092469B46D0
:1001F00088460646814640241BE02846414647463D
:10020000224600F0A3F853465A46C01A914110D333
:1002100011461846224600F08AF82D1A67EB0108AD
:100220004F4622460120002100F081F817EB00091B
:100230004E41201EA4F10104DFDC484631462A4627
:100240004346BDE8F09F00000649074A086850434E
:1002500043F23902104408604008704701490860C1
:1002600070470000000000206D4EC64110B5431AD3
:10027000934209D28318881803E010F8011D03F88F
:10028000011D521EF9D210BD40EA01039B0703D0A5
:1002900009E008C9121F08C0042AFAD203E011F8C5
:1002A000013B00F8013B521EF9D210BDD2B201E071
:1002B00000F8012B491EFBD270470022F6E710B56B
:1002C00013460A4604461946FFF7F0FF204610BDC4
:1002D00010B5044604E00B7800F8013B03B1491C5B
:1002E000521EF8D2204610BD30B504460020034609
:1002F00000E05B1C934203D2E05CCD5C401BF8D075
:1003000030BD30B50B46014600202022012409E013
:1003100021FA02F59D4205D303FA02F5491B04FABE
:1003200002F52844151EA2F10102F1DC30BD202A9D
:1003300004DB203A00FA02F1002070479140C2F13C
:10034000200320FA03F3194390407047202A04DB6E
:10035000203A21FA02F00021704721FA02F3D0403E
:10036000C2F120029140084319467047064C074DE0
:1003700006E0E06840F0010394E807009847103475
:10038000AC42F6D3FFF716FFFC3A01081C3B01080C
:10039000FEE700007047000040F2D850C2F20000B3
:1003A00000F0FEB90020704701F038B980B540F286
:1003B000D850C2F2000000F02DFE002080BD0000E9
:1003C00080B513460A46014640F2D850C2F20000FA
:1003D00000F0F4FC002818BF4FF0FF3080BD000093
:1003E00080B513460A46014640F2D850C2F20000DA
:1003F00001F000F8002818BF4FF0FF3080BD00006A
:100400002DE9F041D0F828E000F1180C5CF82E300E
:100410008C681D68002D03D400EB8E05ED6A1DB1BC
:100420000220BDE8F08100BFD4E9005641F6FF7715
:100430009D605D68BD4335435D600D68EE0740F02B
:100440000581AE0600F10B81690703D5196841F0FB
:1004500080011960196841F080511960BFF35F8F06
:10046000196841F000411960A468002194B341F675
:10047000FF787646002A61D01F68354627F000577E
:100480001F601F6847F080461E606E1C032E88BFE9
:10049000EE1E5CF826301D6825F080551D601D6835
:1004A000002D61D400EB8605ED6A002D5CD1D4E906
:1004B000005701319D605D6825EA08053D435D6098
:1004C000BFF35F8F1D6845F000451D60A468002CD8
:1004D000D2D1B6461F68002A27F0804718BF07F11F
:1004E00080471F601A6842F000521A60C26B00EB2E
:1004F0008E03DA62C0F828E0EFF3108272B6026C65
:10050000114401310164002062B6BDE8F08100BFF2
:1005100000EB8605ED6A3DBBD4E9005701319D60D3
:100520005D6825EA08053D435D60BFF35F8F1D6888
:1005300045F000451D60A468002CCAD01F683546F0
:1005400027F000571F601F6827F080461E606E1C52
:10055000032E88BFEE1E5CF826301D6825F08055FE
:100560001D601D68002DD3D5013100293FF458AF1F
:10057000481E032801F0030039D321F0030100BF16
:100580005CF82E20BFF35F8F136823F000431360E5
:100590000EF10102032A88BFAEF103025CF822309B
:1005A000BFF35F8F1F6827F000471F60531C032BAA
:1005B00088BFD31E5CF82320BFF35F8F176827F036
:1005C000004717605A1C032A88BFDA1E5CF82230E5
:1005D000BFF35F8F1C6802F1010EBEF1030F88BFED
:1005E000A2F1030E24F0004204391A60C8D10CEBCA
:1005F0008E0100283FF414AF0968BFF35F8F0A68CB
:10060000012822F000420A603FF40AAF0EF1010116
:10061000032988BFAEF103015CF82120BFF35F8F8F
:100620001368022823F0004313603FF4F9AE481C1E
:10063000032888BFC81E5CF82000BFF35F8F0168E5
:1006400021F0004101600220BDE8F0811E684F6981
:1006500026F440063E431E60AE067FF5F5AE1E68EA
:10066000096926F040663143196069073FF5EEAE2F
:10067000F0E60000082000F0E3BE0000102000F0CB
:10068000DFBE0000202000F0DBBE0000EFF3108092
:1006900072B600BFFEE70000B0B5044600F0BEFF32
:1006A000054640F20400C2F200000078611C18BF49
:1006B000044400BF00F0B2FF401BA042FAD3B0BD1B
:1006C00080B500F00DF8000658BF80BD40F2A800CC
:1006D000C2F200004068BDE8804008F0C5B80000E4
:1006E000D0F88C0070470000024600294FF001004E
:1006F00008BF704712681368C3F3001381F82830ED
:10070000136803F060034B62136820EA532381F8F7
:1007100020301368C3F30043CB77136820EA5333C8
:100720008B771368C3F300330B77136803F400630C
:100730008B61136803F480434B61136820EA935381
:100740004B74136820EAD35008741068C0B2C00913
:10075000C873106800F4602088601068C0F38020BF
:1007600008719069C0F3400081F854009069C0435B
:10077000C0B2C00981F84C00906900F030000865F3
:100780009069000C88649069C0F3800081F856007D
:100790009069C0F3C00081F8550000207047000048
:1007A000B0B50446006841F21405415949060BD51D
:1007B00041198A68520607D54020C0F2010008603E
:1007C000204600F07FFB20684159C9070AD0411933
:1007D0008A68D20706D04FF001100860204600F06A
:1007E000FDFD206841F214014258120426D501444F
:1007F0008A68120422D5D4F8880040F00800C4F8B2
:1008000088000A680868920406D448F280621040A2
:10081000C4F88C000A600DE042F20002C0F27E02D1
:100820001040C4F88C00886820F4C0308860E02054
:10083000C4F884002046FFF743FF2068816B090756
:100840000AD5C06A00F06000C4F89400204600F0A9
:10085000DFF90020C4F8940043F61441C4F201010A
:100860000868000358BFB0BD4FF4002220460A605C
:10087000BDE8B04000F0BCBD70B582B0002843D0E8
:100880000446D0F8840028B92320C4F88400204608
:1008900000F022F90020019043F64400C4F2020067
:1008A00001684FF4805641F480410160006800F413
:1008B00080400190019843F60400C4F201000168F1
:1008C00021F4000101602168A26803681A430260F4
:1008D0000068885940F00100885100F09FFE0546ED
:1008E00020688159C90713D000F098FE401BB0F56D
:1008F000FA7FF5D90120E0220421C4F88810C4F859
:10090000842002B070BD00BF012002B070BD00BFE6
:10091000016848F20F12CFF62072114001F59C4198
:10092000016005680120FFF7B7FE20684FF64172AD
:100930000560816911408031816185690120FFF77F
:10094000ABFE206841F218018561425843F62373DB
:10095000CFF6DE031A4042F0087242F00402425021
:1009600045580120FFF798FE206800F580518D6101
:1009700042F280014FF48055C0F2C12141514659E5
:100980000120FFF789FE2068E268002146511160CE
:1009900051609160D160A261136800F5805C43F4FE
:1009A0008013136002F12803D36016684FF48C455E
:1009B00046F4400616609162D16211635163E361AF
:1009C000936A43F48013936202F150035363966A6F
:1009D00046F440069662116551659165D1652362C2
:1009E000136D43F48013136502F17803D365166D1C
:1009F00046F4400616659167D167C2F88010C2F8C8
:100A000084106362936F43F480139367C2F8842069
:100A1000936F43F440039367A162CCF810202269DE
:100A20004FF00043116051609160D160C2E908113C
:100A300013605560566826F00046566002F128069D
:100A4000A264D6609162D16211635163C2E912114E
:100A50009362D562D06A20F00040D06202F150006B
:100A6000E6645063116551659165D165C2E91C1159
:100A700013655565566D26F000465665206502F1F2
:100A80007800D0659167D167C2F88010C2F88410F1
:100A9000C2E926119367D567D36F23F00043D3676C
:100AA0006065C2F884202166C4E91A11C4E91611F0
:100AB000CCF80C20606848F240038288C4F202033C
:100AC0001A600068102258600020C4F88810C4F82A
:100AD000842002B070BD00002DE9F04385B00068AD
:100AE00048F20001C4F20201884203D005B0BDE81B
:100AF000F08300BF002643F630000096C4F20200E7
:100B00000168002441F0007101600168C4F2020430
:100B100001F0007100910099009601686D4641F066
:100B20008061016001684FF0020801F0806100916E
:100B30000099009601684FF0030941F000610160DF
:100B400001680B2701F0006100910099009601688F
:100B500041F004010160016801F004010091009975
:100B60000096016841F001010160016801F0010196
:100B7000009100990096016841F00201016001684E
:100B800001F00201009100990096016841F04001D6
:100B900001600068294600F0400000900098322073
:100BA000009004F50060CDE90186CDF80C90049723
:100BB00000F052FC8620CDE9000820462946CDE908
:100BC0000269049700F048FC4FF40050CDE900089A
:100BD00004F580602946CDE90269049700F03CFCE9
:100BE0004FF42050CDE9000804F5C0502946CDE966
:100BF0000269049700F030FC3D200521002200F03E
:100C0000CDFD3D2000F0B6FD05B0BDE8F08300004D
:100C1000704700002DE9F04F85B00029044671D0DF
:100C2000D4F88400232840F0C580D4F85CA004F1F7
:100C3000480858F82A90E26ED9F80000019100287F
:100C400068D4C2F10400039004F17C0504F1800033
:100C50004FF0000B002602902BE000BFD9F80000F7
:100C6000D9F80010C0F30D40071F4FF0010B2167AA
:100C7000D9F808200299BBB22846C9F8202000F014
:100C800029F9D4E9180101303944C4E918010020D8
:100C9000C9F820000AF10100032888BFAAF1030067
:100CA00058F820900136D9F800108246B1F1FF3F84
:100CB00039DD0398864235D2BBF1000F32D1D9F825
:100CC0000000C00505D5D9F81800A067D9F81C00A8
:100CD0006067D9F80000800501D4286870B1D9F8A0
:100CE0000000800544BF0020C4E918006769D9F8F6
:100CF0000000C005B2D44FF0000BB9E74FF0000B75
:100D0000C8E700BFD4F8880040F00100C4F88800AC
:100D100050E000BF00264FF0000BB618E66607D182
:100D20003BE000BF5046E26E8246B618E66634D01D
:100D3000A76E00200DF11009049016E0A06D0028A8
:100D40004FF48C4004BF44F20060C8F200006860B9
:100D5000BFF35F8F286840F000402860781C0328AC
:100D600088BFF81E013E07460CD058F82750286A65
:100D70000028E3D1484600F07DF8049818B12862B5
:100D8000A860DBE70026E06EB04206D0206841F2A2
:100D9000080100224250C4E91A76BBF1010FC4F8E1
:100DA0005CA007D1E06F019908600020E06705B002
:100DB000BDE8F08F012005B0BDE8F08FF0B581B03F
:100DC000054600681C4603694FF4F86707EA82127B
:100DD00003F01C0361F3CF22D1180131016100F04F
:100DE0001DFC0646002700BF00F018FC801BB7EB77
:100DF000104F09D128680169C907F5D1406980B24F
:100E00002060002001B0F0BD012001B0F0BD000065
:100E10002DE9F0410446006C40B3676C451E4FF06D
:100E2000000803E00746013D681C1FD004EB870063
:100E3000C16A781C00F00300002908BF0746F1D002
:100E4000E06807EB870150F8310000280ED404EB6E
:100E50008706F06A00F0CAFA781C00F00307C6F8AB
:100E60002C80C4E91057013D681CDFD10020BDE88B
:100E7000F081000010B582B0044642F6F840C0F69A
:100E8000010006F075F998B103462030206049F260
:100E90001510C0F60000186120684FF4C06400907F
:100EA000002000214122019407F076FE02B010BD1F
:100EB00040F2A800C2F20000012101700020206071
:100EC00002B010BD40F2A800C2F20000406807F076
:100ED000CBBC00004FF0000C42F820CDA2F808C0B7
:100EE000D0F800C05381BCF1000F844618BFD1F880
:100EF00000C0CCF800200A60006868B917E000BFA5
:100F0000028901681A440029028108BF70470A89D2
:100F100008681A440A8150B1028901681A440281A2
:100F200029B10A8908681A4400280A81E8D1704763
:100F300070B500296CD00446D0F88400102867D121
:100F400020680D46016848F20F12CFF6207211405A
:100F50002A7C6B7C002AAA6808BF01F500011143B6
:100F6000002B6B69EA7F08BF41F480011943AB7F16
:100F700041EA0241AA69002B2B7F08BF41F40051CE
:100F800011432A7941EA033195F8203041EA822160
:100F9000002B6B6AEA7B08BF41F40071194395F896
:100FA000283041EAC21141EA0311016006680120BC
:100FB000FFF772FB20684FF641720660816995F871
:100FC0004C3001EA020CAA6C002B4FEA024208BF27
:100FD00080322B6D95F8556043EA0C0395F8561056
:100FE0001A4395F85450012E08BF42F00802012917
:100FF00008BF42F00402012D08BF42F002028261E4
:1010000085690120FFF748FB20688561002070BDDD
:10101000012070BDB0B504460068006920F01C05D1
:1010200000F0C8FC4DF20031CFF6CE614EF2BF1297
:101030000144C0F2E402914204D845F0080520685A
:101040000561B0BD4FF24011CFF6E95147F63F02BE
:101050000144C0F27D12914204D845F00C0520688D
:101060000561B0BD47F60011CFF66C4145F6002290
:101070000144C0F262229142E1D341F60071CFF601
:101080000A2108444FF27F01C0F2FA2188428CBF46
:1010900045F0100545F0040520680561B0BD00006D
:1010A0002DE9F04383B00446D0F8840001251028D0
:1010B00040F0E6802320C4F884002068A565C16B59
:1010C00004F1480841F40271C163D0F80C1141F4F5
:1010D000003141F06001C0F80C11D0F8101141F45A
:1010E0000311C0F810110420A56EE06658F82570B1
:1010F000386A00284FF00000019003D04FF48C4074
:1011000012E000BF01A8FFF7B5FE0198002800F02B
:10111000BB803862B860A16D4FF48C40002904BFD9
:1011200044F20060C8F200007860BFF35F8F386857
:1011300040F0004038606F1C032F88BFEF1E58F846
:101140002750286A40B901A8FFF794FE01980028AB
:1011500000F0A0802862A860A06D4FF48C460028A3
:101160004FF48C4004BF44F20060C8F20000686095
:10117000BFF35F8F286840F0004028607D1C032D7E
:1011800088BFFD1E58F82570386A40B901A8FFF7DE
:1011900071FE0198002800F07F803862B860A06D71
:1011A00044F20069C8F20009002808BF4E467E607C
:1011B000BFF35F8F386840F0004038606F1C032F2A
:1011C00088BFEF1E58F82750286A38B901A8FFF7E2
:1011D00051FE0198002865D02862A860A06D002803
:1011E00018BF4FF48C49C5F80490BFF35F8F28688F
:1011F00040F0004028607D1C0020032D88BFFD1EAC
:10120000E26E2168824205D041F2080200238B5031
:10121000C4E91A50086840F0080008600D68012011
:10122000FFF73AFA20680560016841F004010160A7
:1012300005680120FFF730FA206841F218060560C2
:1012400000250295815941F4801181518059029005
:101250000120FFF721FA02982168885188598A19DC
:1012600040F400508851885940F00200885150687D
:1012700040F4D03040F0C10050602320C4F8840016
:10128000284603B0BDE8F0830420E26E2168824264
:10129000BAD1BFE7032006E00220E26E2168824255
:1012A000B2D1B7E701203D46E26E21688242B1D05B
:1012B000AAE7000070B582B00446D0F88400232865
:1012C00052D12320C4F88400206841F21806811905
:1012D0004A6845F63E73CFF6FE731A404A6081595C
:1012E00021F400518151815921F00201815101689D
:1012F00021F00401016005680120FFF7CDF92068A5
:10130000056000250195815941F480118151805972
:1013100001900120FFF7C0F9019821688851086801
:1013200020F0080008600E680120FFF7B5F920687A
:101330000660A06C416841F000414160E06C41688A
:1013400041F000414160206D416841F00041416041
:10135000606D416841F0004141601020A565C4F80E
:101360008400284602B070BD0125284602B070BD39
:1013700010B50446A1B1D4F8840023281CBF012075
:1013800010BD486B0122E0632046FFF739F878B1C1
:10139000D4F8880040F00200C4F88800012010BD95
:1013A000D4F8880040F00100C4F88800012010BD86
:1013B000BFF34F8FA06A2168421C032A88BFC21E58
:1013C00041F20400A2620144086940074FF00000A6
:1013D00042BF04220A61086010BD000040F2A8006C
:1013E000C2F20000806807F03FBA000007F0F6BDC7
:1013F0007047000070B5044600684FF4F865066950
:1014000005EA821206F01C0661F3CF22911903311E
:101410009AB24261016100F001F90546002600BF61
:1014200000F0FCF8401BB6EB104F05D120680069B6
:10143000C007F5D1002070BD012070BD70470000CD
:1014400043F61441C4F201010A68024214BF086065
:101450007047FFF7F3BF00002DE9F04F82B000F1B5
:101460003E4242F2004502F1FF77C4F202050A2231
:1014700043F6004E4FEAB726A84208BF0922C4F23D
:10148000010E092E38BF4FEAB7220125002600279A
:101490004FF00008009208E008F101080437B8F1A5
:1014A000100F06F1020600F0A7800C6805FA08F993
:1014B00014EA090FF0D0D1F804B003220BF0030CAA
:1014C000ACF10104B240012C6FEA020A10D8826824
:1014D000CC6802EA0A02B440224382604268CBF33D
:1014E000001422EA090204FA08F42243426005E0EB
:1014F000BCF1030F02D14FF0030C20E0C2688C68EE
:1015000002EA0A02B4402243BCF1020FC26016D1C3
:101510006FF0030202EA58020244D2F820C007F03A
:101520001C050F230C69AB402CEA030304FA05F5F4
:101530002B431362D1F804B001250BF0030C0268B1
:101540000CFA06F302EA0A021A431BF4403F026057
:10155000A2D0002243F644030192C4F202031A68A7
:101560004FF6084C42F480421A601A68CFF6FF7CAE
:1015700002F480420192019A28F00302724452F868
:101580000C3007F00C050F24AC40A343009C04FA78
:1015900005F52B4342F80C30DEF808204B6842EA90
:1015A000090543F60C4CDC0258BF22EA0905CEF8C7
:1015B0000850C4F2010CDCF800209C0242EA090544
:1015C00058BF22EA0905CCF80050DEF804209C033D
:1015D00042EA090558BF22EA0905CEF80450DEF8B0
:1015E0000020DB0342EA090558BF22EA0905CEF8CC
:1015F0000050012550E700BF02B0BDE8F08F0000A9
:10160000426902EA0103914341EA03418161704763
:10161000002A08BF090481617047000041F28C2054
:10162000C2F201000068704740F2040041F28C21D0
:10163000C2F20000C2F2010100780A68104408609A
:101640007047000080B543F60040C4F20200016814
:1016500041F400710160016841F48061016001683A
:1016600041F480710160032000F0C4F80F2000F005
:1016700005F800F05DF8002080BD0000B0B586B030
:10168000002543F644010195C4F202010A680446AC
:1016900042F001020A60096801A801F0010101910C
:1016A0000199694600F066F900F09EF94DF68361F4
:1016B0004000C4F21B31A0FB01014FF0FF3000EBF2
:1016C000914140F288600022C2F20000C4F201029F
:1016D00040F2E733C0E90021C0E9025305618561AA
:1016E00000F08AFB054618B1284606B0B0BD00BF21
:1016F00040F28860C2F2000000F0AEFB0546002810
:10170000F2D1192000F036F80F2C0DD819202146FF
:101710000022002500F042F840F20800C2F200006A
:101720000460284606B0B0BD0125284606B0B0BD0D
:1017300082B0002043F640010190C4F202014A68E1
:1017400042F480424A604A6802F480420192019A5F
:1017500000900868002240F08050086008680F215F
:1017600000F08050009000986FF0010002B000F08F
:1017700015B80000002848BF7047C1B200F01F0034
:10178000012202FA00F04EF20012CEF2000242EA0A
:10179000D10121F0030108607047000010B54EF63A
:1017A0000C5CCEF2000CDCF80030C3F3022E8EF09D
:1017B0000704042C28BF0424BEF103034FF0FF3EAE
:1017C0000EFA04F438BF0023A14399400EFA03F344
:1017D0009A43114300F00F0200F160430901043AFB
:1017E00003F564436244002848BF02F10C031970FA
:1017F00010BD00004EF60C51CEF200010A684FF603
:10180000FF031A4060F30A2242F0806040F0FD704E
:10181000086070472DE9F041002800F08B8043F606
:101820000808C4F202080446D8F8F8030D4600F090
:101830000F00884207D288F8F853D8F8F80300F070
:101840000F00A84276D12068810717D5410705D53A
:10185000D8F8001041F4E051C8F80010010705D590
:10186000D8F8001041F46041C8F80010D8F8001012
:10187000A26821F0F0011143C8F80010C0073FD161
:10188000D8F8F80300F00F00A84207D988F8F853F9
:10189000D8F8F80300F00F00A8424BD120684107A8
:1018A00007D5D8F80010E26821F4E0511143C8F8D8
:1018B0000010000708D5D8F80000216920F4604026
:1018C00040EAC100C8F8000000F0A2F8D8F8001003
:1018D00042F64C42C1F30311C0F60102515C40F2E2
:1018E000280220FA01F140F20800C2F2000000686C
:1018F000C2F200021160FFF7C1FE0020BDE8F081D6
:101900006068811E022907D258F8081C89015CBF53
:101910000120BDE8F08111E0012807D158F8081C2A
:1019200089035CBF0120BDE8F08107E058F8081C7E
:10193000890703D40120BDE8F08100BFD8F800106A
:1019400021F003010843C8F80000FFF767FE0646D0
:1019500041F28837D8F80000616800F00C00B0EB65
:10196000810F8DD0FFF75AFE801BB842F2D90320B9
:10197000BDE8F0810F22026043F60802C4F20202C1
:10198000136803F003034360136803F0F0038360FC
:10199000136803F4E053C360D2F800C04FF4E0537F
:1019A00003EADC030361D2F8F80300F00F000860DB
:1019B0007047000040F22800C2F200000068704743
:1019C00040F2280043F60801C2F20000C4F202010E
:1019D0000068096842F65C42C1F38221C0F6010248
:1019E000515CC8407047000040F2280043F60801EF
:1019F000C2F20000C4F202010068096842F65C42CB
:101A0000C1F34231C0F60102515CC840704700008A
:101A100010B543F60404C4F20204606800F00C0040
:101A200008280BD0042819BF42F20040C0F2F4008D
:101A300047F64000C0F27D1010BD00BF206821684D
:101A40002368490247F64001C0F27D1100F03F02D1
:101A5000C3F388105CBF42F20041C0F2F401A1FB65
:101A600000010023FEF7BEFB21680222C1F3014101
:101A700002EB4101B0FBF1F010BD00002DE9F04197
:101A800082B0002868D00446007843F60006C007FC
:101A9000C4F202060BD0B06800F00C00042840F03D
:101AA0009F803068800302D56068002854D0207879
:101AB00080071AD5B06810F00C0F09D0B06800F09C
:101AC0000C00082840F0A6807068400200F1A28057
:101AD0003068800702D5E06801283DD1306821696F
:101AE00020F0F80040EAC10030602078000737D4C9
:101AF000207840074CD4A56955B3B06800F00C00BD
:101B0000082840F0BB80012D26D07068E16900F400
:101B100080028A4220D1216A00F03F028A421BD112
:101B200047F6C071626A0140B1EB821F14D1A16A0D
:101B30004FF6FF73C903994300F44032A1F5803199
:101B40008A4209D1E16A00F07060B0EB016F03D105
:101B5000002002B0BDE8F081012002B0BDE8F081B4
:101B60006069002840F20000C4F2472076D00121CD
:101B7000C0F8801EFFF752FD054600BF706F80075A
:101B8000B6D4FFF74BFD401B0228F7D9DDE000BFBC
:101B9000306C10F080580AD100200190306C40F079
:101BA00080503064306C00F080500190019847F212
:101BB0000007C4F200073868C00541D4386840F413
:101BC00080703860FFF72AFD054600BF3868C00501
:101BD00036D4FFF723FD401B0228F7D9B5E000BF3C
:101BE000B06800F00C00082803D1706840023FF58F
:101BF00058AF6068B0F5803F07D0B0F5A02F40F037
:101C00008D80306840F480203060306840F480304F
:101C100030608DE0E068002852D00020C4F24720F8
:101C200001210160FFF7FAFC054600BF306880071C
:101C30003FF554AFFFF7F2FC401B0228F6D984E0D1
:101C4000A068012805D005284ED1306F40F004006F
:101C50003067306F40F0010030674FE00021C0F87E
:101C6000801EFFF7DBFC0546706F80077FF540AFF5
:101C7000FFF7D4FC401B0228F6D966E00027C4F227
:101C8000472700203866FFF7C9FC022D05460BD117
:101C9000306880015ED5FFF7C1FC401B02284FF081
:101CA0000300F5D955E700BF306880017FF550AFDC
:101CB000FFF7B4FC401B02284FF00300F4D948E7BB
:101CC0000020C4F2472000210160FFF7A7FC054671
:101CD000306880077FF509AFFFF7A0FC401B0228A2
:101CE0004FF00300F4D934E7316F002821F00101EF
:101CF0003167316F21F0040131674DD0FFF78EFC61
:101D0000054641F2883700BF306F800756D4FFF791
:101D100085FC401BB842F7D917E000BF31680028A6
:101D200021F480313160316821F4802131604FD05D
:101D3000FFF774FC054600BF306880033FF5B7AE7F
:101D4000FFF76CFC401B6428F6D9032002B0BDE805
:101D5000F08100BF04F11C052FCD084340EA82103A
:101D6000D9034FF6FF729143A1F5803140EA056037
:101D70000843706001203866FFF750FC044600BF3E
:101D8000306880013FF5E4AEFFF748FC001B0228F5
:101D90004FF00300F4D9DCE6FFF740FC054641F2C2
:101DA000883700BF306F800708D5FFF737FC401B2E
:101DB000B8424FF00300F5D9CBE600BFB8F1000FF1
:101DC0007FF499AE306C20F08050306493E600BF11
:101DD000FFF724FC054600BF306880037FF567AE3F
:101DE000FFF71CFC401B64284FF00300F4D9B0E659
:101DF0007047000070470000002804BF01207047B2
:101E000010B5044690F83D0028B9002084F83C0045
:101E1000204600F01FF8022084F83D002068211DB4
:101E200000F076FC012084F8460084F83E0084F837
:101E30003F0084F8400084F8410084F8420084F8B0
:101E4000430084F8440084F8450084F83D000020F5
:101E500010BD00007047000090F83D1001291CBF24
:101E600001207047022180F83D10006841F2FF72A6
:101E7000C168C4F20002904241F00101C1600DDC72
:101E800040F2FF71C4F20001884215DCB0F1804FCE
:101E90002AD040F20041C4F2000123E040F2FF31B9
:101EA000C4F20101884213DC41F60001C4F20001D2
:101EB000884219D0002113E040F60001C4F200016D
:101EC000884211D040F60041C4F200010AE000BF90
:101ED00044F20001C4F20101884205D040F2004101
:101EE000C4F20101884206D1816801F00701062988
:101EF00004BF00207047016841F00101016000202B
:101F0000704700007047000010B50168044608697A
:101F1000800744BFC8685FEA807039D40869400709
:101F200044BFC8685FEA40703ED40869000744BFF8
:101F3000C8685FEA007045D40869C00644BFC86835
:101F40005FEAC0604AD40869C0071CBFC8685FEA7E
:101F5000C07051D10869000644BFC8685FEA0060DC
:101F600052D40869400644BFC8685FEA406053D451
:101F70000869800646BFC8685FEA806010BD6FF0E0
:101F8000200220460A61BDE81040FFF733BF00BFC2
:101F90006FF002000861012020778869800743D034
:101FA0002046FFF7AFFF45E06FF004000861022014
:101FB0002077886910F4407F40D02046FFF7A2FFC9
:101FC00042E000BF6FF00800086104202077C86974
:101FD00080073DD02046FFF795FF3FE06FF01000EF
:101FE000086108202077C86910F4407F3AD0204665
:101FF000FFF788FF3CE000BF6FF00100086120465A
:1020000000F03EF82168A5E76FF0800008612046E7
:10201000FFF7EEFE2168A4E76FF04000086120465C
:1020200000F038F82168A3E7204600F025F82046A4
:1020300000F024F82168002020776FE7204600F0A8
:102040001BF8204600F01AF82168002020776CE782
:10205000204600F011F8204600F010F8216800201A
:10206000207769E7204600F007F8204600F006F8E0
:1020700021680020207766E7704700007047000065
:1020800000680021C4F20101884218BF7047FFF7C1
:10209000CBBA000070470000002804BF0120704741
:1020A00010B5044690F83D0028B9002084F83C00A3
:1020B000204600F021F8242084F83D002068C16803
:1020C00021F40051C160204600F0C0FB2068016986
:1020D00021F490410161416921F02A014161C16807
:1020E00041F40051C16000202021206484F83D109B
:1020F00084F83E1010BD000080B586B0016844F63B
:102100000000C4F20000814202D006B080BD00BFD2
:10211000002143F630020191C4F20202136900F576
:10212000E23043F480231361136903F480230193A5
:10213000019B0191136843F008031360126802F0D9
:1021400008020192019A4FF4407201920222CDE9F5
:102150000221032104910721059101A9FFF77CF9D0
:1021600006B080BDFEE7000010B582B00446002135
:1021700000686369019101AA0121984700282DD4C4
:102180002068636901AA01219847002826D49DF898
:102190000400400702D4012002B010BD206863692A
:1021A00001AA00219847002818D40199C80407D42F
:1021B00001F40450B0F5045F14D1022002B010BD48
:1021C0002068636901AA1F219847002806D4019856
:1021D000C10411D4062002B010BD00BF6FF004008E
:1021E00002B010BDC8054FF0040058BF0520890497
:1021F00048BF032002B010BD00F01C001828DCD03E
:10220000142805D0082814BF0520032002B010BDF3
:10221000042002B010BD0000F0B581B00446406853
:102220000021009170B1A06980470546A0698047F0
:10223000401BB0F5FA6FF9D90120002560602846EF
:1022400001B0F0BDA068002818BF804720200025FD
:102250006F460026206004E06FF004050136202E52
:102260000ED06369304612213A4698470028F3D4CD
:10227000009800F01F008642F0D10025266000E0A3
:1022800026681F2E88BF6FF00205002DD7D1236965
:10229000304600214FF40042984700281ED42068A1
:1022A00063696A460021984700281DD4A0698047C9
:1022B00006466F466FF004059DF801000006B2D592
:1022C000A0698047801BB0F5FA7F13D82068636946
:1022D00000213A4698470028EED5B0E76FF0030595
:1022E000284601B0F0BD00BF6FF00405284601B0DC
:1022F000F0BD00BF6FF00105284601B0F0BD000041
:1023000080B598B1CA688AB18B687BB1D1F810C02A
:10231000BCF1000F0AD0D1E900E1C0E90432C0E904
:1023200002E1C0F818C0002080BD00BF4FF0FF30B0
:1023300080BD000080B542F2156042F66442C0F6EE
:102340000000C0F60102002106F0C0FA40F2C851B8
:10235000C2F20001086080BDF0B587B0002643F6E8
:102360003000CDE905660196C4F20200016840F62E
:10237000000441F0100101600168C4F2020401F0A0
:1023800010010191019901960168002241F00401B8
:10239000016001684FF4807701F004010191019917
:1023A0000196016841F080010160016801F080013F
:1023B000019101990196016841F0010101600168F4
:1023C00001F00101019101990196016841F00201BA
:1023D0000160016801F00201019101990196016813
:1023E00041F008010160016801F0080101910199C3
:1023F0000196016841F04001016000684FF480716E
:1024000000F04000019001982046FFF701F93820C4
:1024100002904FF4881002ADCDE9030604F5006088
:102420002946FFF719F80120CDE903062046294681
:1024300002970596FFF710F8092005210022FFF703
:10244000ADF90920FFF796F90A2005210022FFF7D0
:10245000A5F90A20FFF78EF9172005210022FFF7C2
:102460009DF91720FFF786F907B0F0BDF0B583B0EE
:1024700040F20C144AF6C000C2F20004C6F20B305F
:102480006FF07F414AF6C002CFF60B6284E8070086
:102490000020002100270DF01FFE94E829002146AE
:1024A000224641F80C0F42F8103F234644F2E10067
:1024B00043F8145F40F2AD16C0F6000004F13C058D
:1024C000C0F60106CDE900702846029605F0C8FC6A
:1024D000284605F063FE94F86900400704D42846B6
:1024E00005F062FE03E000BF284605F007FF43F653
:1024F0002D71C0F60001284605F084FE0CA044F8BA
:10250000180F4FF4806004F11402002310210BC255
:1025100043F63170C4E90133C4E90333C0F6000067
:1025200029462246236203B0BDE8F04006F0CEB94A
:102530004574684C696E6B0080B540F2D06044F61B
:102540000001C2F20000C4F2000100234FF00C0CA5
:102550004FF4E13280E80E00C0E90333C0E905C35F
:10256000C361FFF799FD002808BF80BDBDE880402A
:10257000FEF78CB8FEE70000FEE700000000000058
:10258000EFF30980BFF36F8F154B1A681EF0100F21
:1025900008BF20ED108A20E9F04F10602DE90900F6
:1025A0004FF0500080F31188BFF34F8FBFF36F8F50
:1025B0000EF0D8FE4FF0000080F31188BDE809004E
:1025C00019680868B0E8F04F1EF0100F08BFB0ECB3
:1025D000108A80F30988BFF36F8F704700BF00BF78
:1025E0007C0100200000000000000000000000004E
:1025F000074B19680868B0E8F04F80F30988BFF30B
:102600006F8F4FF0000080F31188704700BF00BF4C
:102610007C010020FFF72AFF012005F0A3FEFBE765
:1026200080B54EF21000CEF2000000680FF0F6FE0A
:10263000012808BF80BDBDE880400EF0B3BF000098
:10264000B0B592B0002443F640000B94CDE90944A4
:10265000CDE907440594CDE90344CDE90144009454
:10266000C4F202000168012241F08051016000685B
:10267000022500F080500090009847F2000000947E
:10268000C4F20000016862F38F310160006800F459
:1026900040400090009810200A9008200E903220B0
:1026A000CDE90F050420119006A806950992CDE901
:1026B0000C54FFF7E3F928B1EFF3108072B600BFB6
:1026C000FEE700BF0F20CDE901054FF4A0500490B4
:1026D0004FF48050059001A801210394FFF79AF868
:1026E00020B1EFF3108072B6FEE700BF12B0B0BDAC
:1026F0004EF68850CEF20000016841F4700101608E
:102700007047000040F28860C2F20000FFF7FCBB97
:1027100010B540F6FF3E0368C4F2000E40F2004CD4
:102720007045C4F2010C27DCB0F1804F31D040F28B
:102730000042C4F2000290422BD040F60002C4F2E4
:102740000002904225D041F6FF72C4F2000290428E
:1027500029DC70453CDCB0F1804F5FD040F2004294
:10276000C4F20002904259D040F60002C4F20002C6
:10277000904253D056E000BF40F60042C4F200023F
:10278000904206D0604504D00022C4F2010290427B
:10279000D9D14A6823F07003134341F6FF72C4F2A3
:1027A00000029042D5DD43F6FF72C4F2010290426E
:1027B00022DC42F20002C4F2000290422ED000223B
:1027C000C4F20102904229D0604527D02AE000BF20
:1027D00040F60042C4F2000290421FD041F60002CF
:1027E000C4F20002904219D041F60042C4F2000245
:1027F000904213D016E000BF44F20002C4F201027E
:1028000090420BD044F60002C4F20102904205D07F
:1028100044F20042C4F20102904203D1CA6823F498
:102820004073134323F080024B69D1F800E08C68B9
:102830001A430260C46240F48062C0F828E0624536
:1028400004BF096901630121416110BD10B504464F
:102850000068D4E902C22369016921F4405111439F
:102860000161626943EA0C01E3691143C2681943DB
:1028700049F20C639A431143C1604169A26921F492
:10288000407141F20043114340F48062C4F20103FD
:102890009A42416102D1FFF7A7F801E0FFF790F8F3
:1028A000E16963681922B1F5004FA0FB020123D151
:1028B0005A00DB0FFDF796FC48F21F51C5F2EB11F1
:1028C000A0FB01235A094FF69C73C0F6FF7303F176
:1028D000805302FB0300322303EBC000A0FB010185
:1028E0004FF4F87000EA111000EB0210C1F342112E
:1028F00008442168886010BD9A009B0FFDF772FCA8
:1029000048F21F51C5F2EB11A0FB01235A094FF603
:102910009C73C0F6FF7302FB0300322303EB00102D
:10292000A0FB0101F02000EA511000EB0210C1F3FE
:10293000431108442168886010BD0000FEE70000D4
:10294000F0B581B0002877D000F114060446304677
:1029500015460F4607F09AFD00286DD0002F63D072
:1029600065B142F6A05042F6D963C0F601004DA110
:10297000C0F6010340F22A220FF08EFF2078616A30
:1029800004F0F2FC00285BD0054647603846294633
:1029900008F0F2F949F6E971C0F6000138460BF08B
:1029A000B5FC4AF29921C0F6000138460CF054F902
:1029B00049F26541C0F60001384602220AF05AFC8D
:1029C00042F6CD21C0F60001384609F05DF83046E8
:1029D000294607F04BFD00283ED06C6800212046B8
:1029E000002608F0C9F9204600210BF08FFC204694
:1029F00000210CF031F92046002100220AF03AFCB7
:102A00002046002109F040F805F1100420466E60D0
:102A100007F00EFD204607F025FD284604F026FEAF
:102A2000FF2460B201B0F0BD42F68C51C0F6010146
:102A3000304607F01BFDC8B1FA2460B201B0F0BD0A
:102A400042F68C51C0F60101304607F00FFDC8B1C7
:102A5000FF2460B201B0F0BD636AFBB120460021E3
:102A600000220024984760B201B0F0BD636A002BD9
:102A7000E2D02046002100229847FA2460B201B03B
:102A8000F0BD00BF636A002BE2D020460021002287
:102A90009847FF2460B201B0F0BD00BF002460B2CF
:102AA00001B0F0BD657870656374206E6577706302
:102AB00062203D3D204E554C4C206F722065727255
:102AC000203D3D204552525F4F4B00002DE9F04123
:102AD00004460D4678B942F6A05042F6CC6142F663
:102AE000D963C0F60100C0F60101C0F601034FF43E
:102AF000DC720FF0D1FE07F03FFC227F002194F83A
:102B0000018042F00102616025722277617007F056
:102B10005DFC636A7BB12046042100229847636A0A
:102B20004BB12046002100229847636A1BB1204622
:102B300002210022984705F10F00032804D243A187
:102B400051F820600EE000BF5DB142F6A05042F6A1
:102B5000D963C0F6010039A1C0F601037D220FF050
:102B60009BFE002604F11007384607F08FFC18B1D1
:102B70003846314607F07AFC04F11407384607F06E
:102B800085FC18B13846314607F070FCB8F1040FE7
:102B900040D8012000FA08F010F01A0F3AD0207F38
:102BA00000F0FB014007217748BFBDE8F081206AB3
:102BB00078B942F6A05042F6B26142F6D963C0F647
:102BC0000100C0F60101C0F601034FF4F3720FF0EB
:102BD00063FE206AB8F1040118BF2946026801713A
:102BE00002F10C05284607F095FC60B942F6A050AA
:102BF00042F6D963C0F6010017A1C0F6010340F206
:102C0000EF120FF049FE002128462162BDE8F04195
:102C100007F07CBC206A78B142F6A05042F6D96336
:102C2000C0F6010013A1C0F6010340F2F712BDE89F
:102C3000F0410FF031BE00BFBDE8F081756E6861F4
:102C40006E646C6564206572726F72008D2D010870
:102C50008E2D01088C2D0108696E61766C696420E7
:102C60006F705F636F6D706C657465645F73656DC5
:102C700000000000636F6E6E2D3E63757272656EAC
:102C8000745F6D7367203D3D204E554C4C00000035
:102C9000B0B540F2D845C2F20005297D044651B1D5
:102CA000A868A04207D1286818B106F097F900205B
:102CB00028600020287595F82C0058B1286AA04299
:102CC00008D1A86918B106F089F90020A861002090
:102CD00085F82C0095F8440058B1A86BA04208D1A3
:102CE000286B18B106F07AF900202863002085F8D7
:102CF000440095F85C0058B1286DA04208D1A86C3A
:102D000018B106F06BF90020A864002085F85C007B
:102D100095F8740058B1A86EA04208D1286E18B179
:102D200006F05CF900202866002085F8740095F80C
:102D30008C0060B1D5F88000A04208D1A86F18B10E
:102D400006F04CF90020A867002085F88C0095F863
:102D5000A40070B1D5F89800A0420AD1D5F890002F
:102D600020B106F03BF90020C5F89000002085F85E
:102D7000A40095F8BC0070B1D5F8B000A0420AD10B
:102D8000D5F8A80020B106F029F90020C5F8A80060
:102D9000002085F8BC0095F8D40070B1D5F8C800C3
:102DA000A0420AD1D5F8C00020B106F017F90020E2
:102DB000C5F8C000002085F8D40095F8EC0078B183
:102DC000D5F8E000A04218BFB0BDD5F8D80020B1BA
:102DD00006F004F90020C5F8D800002085F8EC00C2
:102DE000B0BD00002DE9F04F85B00028CDE90112FB
:102DF000049000F08B804FF00A0B002A00F0B080A6
:102E000040F2D84C00230122C2F2000C00204FF007
:102E1000000E4FF0000A4FF00A084FF00A090A218D
:102E2000039106E090463033F02B02F1020200F0ED
:102E300005830CEB0304257D1FFA88F10A29A2F112
:102E4000010608BF002D19D065B3049967680968A9
:102E5000B94204D1A168029FB94200F03D81012D21
:102E60000ED15CF80310658A91B11FFA8AFA5545B4
:102E700028BFB34688BFAA4614E000BFB04611E0A1
:102E8000618A80B2814228BFB14688BF084609E006
:102E90001FFA8EFE0399754528BF3146039188BFFE
:102EA000AE4600BF94F82C501FFA88F10A2908BFDB
:102EB000002DB7D0002DB6D00499E6690968B1425B
:102EC00004D1216A029EB14200F0C382012D0BD1D0
:102ED000A169648D81B11FFA8AFA544528BF9346CF
:102EE00088BFA2469FE700BF618D80B2814228BFA4
:102EF000914688BF084696E71FFA8EFE03997445EF
:102F000028BF1146039188BFA6468CE740F2D846F9
:102F1000C2F20006337D012B00F09E80002B40F0B2
:102F2000C58096F82C404FF000080A20002C00F0D5
:102F3000DB8003904FF00A0900204FF00A0B0023BA
:102F40004FF0000C4FF0000E012C00F0A380748DA8
:102F5000744528BF4FF0010988BFA646DFE000BFD7
:102F600040F2D84C00200122C2F2000C00274FF0A2
:102F7000000E00244FF00A084FF00A090A210391BD
:102F800007E000BF90463030F02802F1020200F066
:102F900055820CEB00031D7D1FFA88F60A2EA2F164
:102FA000010608BF002D15D045B30499D1F800A043
:102FB00059688A4500F09280012D0DD15CF800100F
:102FC0005D8A89B1A4B2A54228BFB34688BF2C460A
:102FD00014E000BFB04611E0598ABFB2B94228BF21
:102FE000B14688BF0F4609E01FFA8EFE039975456A
:102FF00028BF3146039188BFAE4600BF93F82C50DE
:103000001FFA88F10A2908BF002DBBD0002DBAD0C5
:103010000499DE690968B14200F01B82012D09D1D3
:1030200099695B8D71B1A4B2A34228BF934688BF52
:103030001C46A8E7598DBFB2B94228BF914688BF48
:103040000F46A0E71FFA8EFE0399734528BF11466D
:10305000039188BF9E4696E73368B6F812C0002BEE
:1030600018464FF0000E4FF0000B4FF00A0918BF42
:103070000A20039008BF4FF00A0B002B1CBF6346C9
:10308000F44696F82C40012004B34FF00A08012CB6
:103090007FF45DAFB569748DC5B39BB29C4228BF08
:1030A0004FF0010B88BF234639E000BFB6F812E0AD
:1030B0000A204FF0000903904FF00A0B00234FF055
:1030C000000C96F82C400120002CDED14FF00108B6
:1030D00096F84440ACBB14E03246BAE1324610B236
:1030E00005B0BDE8F08F00BF03904FF00A094FF024
:1030F0000A0B00234FF0000C4FF0000E96F84440EE
:10310000FCB996F85C00002845D114E01FFA8CFC4D
:10311000039A644528BF0122039288BFA44696F80B
:103120004440B4FA84F56D09284209D04FF00208F2
:1031300096F85C0078BB96F8740000285FD148E0F0
:103140000CB3012C0CD1346BB6F8420094B19BB295
:10315000984228BF4FF0020B88BF034613E000BF20
:10316000B6F84200704528BF4FF0020988BF864676
:1031700009E000BF1FFA8CFC039A604528BF0222B9
:10318000039288BF844696F85C00B8F10A0F08BF26
:10319000002819D058B301280CD1B46CB6F85A00E5
:1031A000E4B19BB2984228BF4FF0030B88BF03469F
:1031B0001DE000BFB6F85A00704528BF4FF0030964
:1031C00088BF864613E000BF4FF0030896F87400EE
:1031D000A8B996F88C00002845D12EE01FFA8CFC87
:1031E000039A604528BF0322039288BF844696F85D
:1031F0007400B8F10A0F08BF002819D058B301288D
:103200000CD1346EB6F87200E4B19BB2984228BF7C
:103210004FF0040B88BF03461DE000BFB6F87200F4
:10322000704528BF4FF0040988BF864613E000BFF1
:103230004FF0040896F88C00A8B996F8A40000286E
:1032400045D12EE01FFA8CFC039A604528BF04226A
:10325000039288BF844696F88C00B8F10A0F08BF25
:10326000002819D058B301280CD1B46FB6F88A00E1
:10327000E4B19BB2984228BF4FF0050B88BF0346CC
:103280001DE000BFB6F88A00704528BF4FF0050961
:1032900088BF864613E000BF4FF0050896F8A400EB
:1032A000A8B996F8BC00002845D12EE01FFA8CFC86
:1032B000039A604528BF0522039288BF844696F88A
:1032C000A400B8F10A0F08BF002819D058B301288C
:1032D0000CD1D6F89040B6F8A200DCB19BB298426F
:1032E00028BF4FF0060B88BF03461CE0B6F8A200CB
:1032F000704528BF4FF0060988BF864613E000BF1F
:103300004FF0060896F8BC00A8B996F8D40000283B
:1033100041D15BE01FFA8CFC039A604528BF06226E
:10332000039288BF844696F8BC00B8F10A0F08BF24
:10333000002819D038B301280CD1D6F8A840B6F827
:10334000BA00BCB19BB2984228BF4FF0070B88BFB0
:10335000034618E0B6F8BA00704528BF4FF00709D9
:1033600088BF86460FE000BF4FF0070896F8D400EC
:1033700088B92BE01FFA8CFC039A604528BF07220E
:10338000039288BF844696F8D400B8F10A0F08BFAC
:10339000002819D038B301280CD1D6F8C040B6F8AF
:1033A000D200BCB19BB2984228BF4FF0080B88BF37
:1033B000034618E0B6F8D200704528BF4FF0080960
:1033C00088BF86460FE000BF4FF0080896F8EC0073
:1033D00010E000BF1FFA8CFC039A604528BF08224A
:1033E000039288BF844696F8EC00B8F10A0F08BF34
:1033F000002821D010B3012812D1D6F8D870B6F821
:10340000EA00002F00F0A0809AB2904228BF4FF04F
:10341000090B01994FF6FF7288071AD413E000BF19
:10342000B6F8EA00704528BF4FF0090901994FF638
:10343000FF7288070DD406E04FF0090801994FF696
:10344000FF72880705D4C80708D11FFA88F00A2838
:1034500004D110B205B0BDE8F08F00BF0FFA88F4B8
:103460000A2C19DA40F2D84104EB4400C2F2000100
:1034700001EBC000007D002848D042F6A05043F682
:10348000E713C0F601003DA1C0F6010340F285122A
:103490000FF002FA3AE000BF0FFA89F0092817DCB2
:1034A00040F2D84100EB4000C2F2000151F8300078
:1034B00060B142F6A05043F6E713C0F6010029A11F
:1034C000C0F6010340F26D120FF0E6F9C8460AE0BB
:1034D000DDF80C800FFA88F00A2804DB0FFA8BF075
:1034E0000928D846B5DC0FFA88F440F2D84204EB3C
:1034F0004401C2F2000252F8310002EBC10518B1DA
:1035000005F06CFD00202860002028750498029BBF
:1035100048B140F2D842006804EB4401C2F2000214
:1035200002EBC101486040F2D84104EB4400C2F212
:10353000000101EBC000002141828360424610B2CD
:1035400005B0BDE8F08F00BF1FFA8CF290420398DF
:1035500028BF0920039001994FF6FF7288073FF5B5
:1035600078AF70E76172705F7461626C655B695D12
:103570002E71203D3D204E554C4C00006172705F15
:103580007461626C655B695D2E7374617465203D66
:103590003D204554484152505F53544154455F4586
:1035A0004D505459000000002DE9F04F85B039B35B
:1035B000466804463088B0F5807F1BD130790628F4
:1035C00018D17079042815D17088082812D18A463C
:1035D0005AF8040FD6F80E700D46049720B3B1695F
:1035E00006F10808814221D14FF0010B4FF001098B
:1035F00020E000BF204605B0BDE8F04F05F0EEBC6E
:1036000042F6A05043F6CA1143F6E713C0F6010094
:10361000C0F60101C0F6010340F28A2205B0BDE800
:10362000F04F0FF039B900BF06F108084FF002095A
:103630004FF0000B95F82C0006280CD042F6A05055
:1036400043F6E713C0F601002DA1C0F6010340F2D6
:10365000A9120FF021F9B7B33846294600F0DEFF72
:1036600088BB07F0F000E0282DD004A849462A4680
:10367000FFF7B8FB002826D481B2490040F2D842B7
:1036800011FA80F1C2F2000202EBC10002230375BD
:103690008560D8F8003052F83170C360B8F8043053
:1036A00000210382418277B1016005F126024FF4C7
:1036B000006C284639464346CDF800C000F0A4FC13
:1036C000384605F08BFCF0888BF00101B0F5807076
:1036D00018BF012008430CD105F1260104A80227D8
:1036E0000290284642460B46CDE900A8039700F019
:1036F000C1FA204605F072FC05B0BDE8F08F00BFAE
:103700006E657469662D3E6877616464725F6C658E
:103710006E203D3D204554485F4857414444525F28
:103720004C454E0070B584B0164605460C4658B15F
:10373000E4B156B33068294600F070FFB0B342F6EA
:103740008843C0F6010347E042F6A05043F6CA1191
:1037500043F6E713C0F60100C0F60101C0F601030D
:1037600040F21E320FF098F8002CE2D142F6A05041
:1037700043F6E713C0F6010081A1C0F6010340F251
:103780001F320FF089F8002ED4D142F6A05043F634
:10379000D81143F6E713C0F60100C0F60101C0F6E8
:1037A00001034FF448720FF077F8C3E7306800F078
:1037B000F001E0291CD10123ADF808305E23010E91
:1037C000020C8DF80A30C0F3062002AB8DF80B0016
:1037D0008DF80C208DF80D1005F126024FF40066CF
:1037E00028462146009600F00FFC40B204B070BDA0
:1037F000D5E901124140114208D081B24FF6A962C9
:10380000914203D02E4656F80C0FA8B340F2CC5C80
:10381000C2F2000C9CF8002040F2D84E02EB4203AA
:10382000C2F2000E0EEBC303197D022908D399687A
:10383000A94205D15968884202D12846214692E022
:103840009EF81410022909D3DEF80810A94205D108
:10385000DEF80410884201D1002280E09EF82C108E
:1038600002290DD3DEF82010A94209D1DEF81C1080
:10387000884205D1012272E0FC2040B204B070BD44
:103880009EF84410022909D3DEF83810A94205D168
:10389000DEF83410884201D1022260E09EF85C100C
:1038A000022909D3DEF85010A94205D1DEF84C10E8
:1038B000884201D1032252E09EF87410022909D3F4
:1038C000DEF86810A94205D1DEF86410884201D103
:1038D000042244E09EF88C10022909D3DEF88010FF
:1038E000A94205D1DEF87C10884201D1052236E0DC
:1038F0009EF8A410022909D3DEF89810A94205D138
:10390000DEF89410884201D1062228E09EF8BC100F
:10391000022909D3DEF8B010A94205D1DEF8AC10B7
:10392000884201D107221AE09EF8D410022909D357
:10393000DEF8C810A94205D1DEF8C410884201D1D2
:1039400008220CE09EF8EC10022911D3DEF8E010FA
:10395000A9420DD1DEF8DC10884209D1092228469F
:1039600021468CF8002004B0BDE8704000F00EB88D
:1039700028463146224604B0BDE8704000F080B8C9
:103980007120213D204E554C4C000000F0B585B013
:1039900040F2D84302EB4202C2F2000303EBC2063C
:1039A000374617F8142F0C46012A05460DD842F663
:1039B000A05043F6E713C0F6010025A1C0F60103AD
:1039C00040F2EF220EF068FF3A78022A32D1708A74
:1039D000B0F58E7F12D942F68E432A1DC0F6010340
:1039E000301DCDE9002342F6884205F126014FF053
:1039F000010C0290C0F6010212E000BFB0F5877F13
:103A000018D342F68E4E301D06F10C0205F1260148
:103A10002B1D4FF0010CC0F6010ECDE9003E0290C7
:103A200028460B46CDF80CC000F024F9002804BF4E
:103A30000320387005F1260206F10C034FF40067ED
:103A400028462146009700F0DFFA05B0F0BD00BF20
:103A50006172705F7461626C655B6172705F6964F2
:103A6000785D2E7374617465203E3D204554484155
:103A700052505F53544154455F535441424C4500AA
:103A80002DE9F04F85B00F460968054608462946DE
:103A9000914600F0C3FD28B1F02040B205B0BDE86A
:103AA000F08F00BF3968F0200029F6D001F0F00156
:103AB000E029F2D0384601212A46FFF793F906465D
:103AC000B0F1FF3F3EDD7F2E05F126080CD342F614
:103AD000A05043F6E713C0F601005BA1C0F6010356
:103AE00040F2C1320EF0D8FE5FFA86FA4FEA4A0081
:103AF00040F2D84B50FA86F0C2F2000B0BEBC0003C
:103B0000044614F8141F19B3B9F1000F68D00490DB
:103B1000FF2002293FD340F2CC50C2F200000670D1
:103B20000AEB4A000BEBC00000F10C034FF40067F6
:103B3000284649464246009700F066FA05B0BDE8BF
:103B4000F08F00BF304640B205B0BDE8F08F00BF37
:103B500004900AEB4A000BEBC00042F68E418560F0
:103B6000281DC0F6010142F688424FF0010C8DE895
:103B70008300C0F6010228464146434684F800C04F
:103B8000CDF80CC000F076F8B9F1000F3FF485AF26
:103B900021780229BFD201297FF47FAF42F6A055D8
:103BA00043F6E717C0F601052BA6C0F601074C4601
:103BB00060892189884208D1206830B12846314681
:103BC00040F2F1323B460EF067FE207B40061DD4EA
:103BD0002468002CECD1484605F0E6FB1DE000BF50
:103BE00042F68E41281DC0F6010142F688420126A8
:103BF0008DE88300C0F601022846414643460396FD
:103C000000F038F805B0BDE8F08F00BF0E204FF48B
:103C100020714A4605F064F881460498B9F1000F16
:103C20000CD004460068002818BF05F0D7F9002022
:103C3000C4F8009040B205B0BDE8F08FFF2040B25C
:103C400005B0BDE8F08F00BF74797065206F7665B0
:103C500072666C6F770000006E6F207061636B6539
:103C6000742071756575657320616C6C6F77656420
:103C7000210000002DE9F04F81B01F469046064616
:103C8000894678B942F6A05043F6CA1143F6E713C5
:103C9000C0F60100C0F60101C0F6010340F2574230
:103CA0000EF0FAFD0E201C214FF4207204F09CFE51
:103CB000002859D004464089DDF834A01B280CD8D0
:103CC00042F6A05043F6E713C0F6010029A1C0F662
:103CD000010340F263420EF0DFFDDDF82CB06568B1
:103CE000504601F0D9FC96F82C10E88006290FD038
:103CF00042F6A05043F6891143F6E713C0F60100DF
:103D0000C0F60101C0F6010340F26A420EF0C4FDA4
:103D1000B8882146A881386840F60607A860DBF815
:103D200000004A46C5F81200BBF804004346E8828A
:103D30000A980068C5F80E000C980068A86140F267
:103D40000010C0F20800286040F20640A88030460B
:103D5000009700F059F9204605F040F9002040B2E4
:103D600001B0BDE8F08F00BFFF2040B201B0BDE858
:103D7000F08F00BF636865636B20746861742066B0
:103D80006972737420706275662063616E20686F5B
:103D90006C642073747275637420657468617270EA
:103DA0005F6864720000000080B584B042F68E4EF9
:103DB000021DC0F6010E00F12603CDE9002E42F6E9
:103DC00088424FF0010C0291C0F601021946CDF86D
:103DD0000CC0FFF74FFF04B080BD00002DE9F04F8D
:103DE00085B040F2D84642F68E4942F68844002516
:103DF000C2F200064FF00108C0F60109C0F6010446
:103E00004FF0020B002704E08AF814501837F02F07
:103E10003AD006EB070A9AF814000028F6D0BAF850
:103E200012104A1C91B28B084A2BAAF8122003D810
:103E3000012809D1052907D3F0590028E4D005F05D
:103E4000CDF8F551E0E700BF012807D0042817D0CE
:103E5000032804BF04208AF81400D7E7DAF8080022
:103E60000AF1040200F12601031DCDE90039029296
:103E700022460B46CDF80C80FFF7FCFEC6E700BFDC
:103E80008AF814B0C2E700BF05B0BDE8F08F0000AB
:103E900070B5044640890F283DD3E07B0D4618B924
:103EA00095F830000130E073606801788689CA07B0
:103EB00014D0012906D1417881B980785E280DD1CE
:103EC000102008E042F68841C0F601010622FCF706
:103ED0000BFA18B90820617B08436073B6F5C16F0F
:103EE00010D0082E17D195F82D00000713D52046C5
:103EF0000E2105F07BFA70B92046294600F0D6FC69
:103F0000002070BD95F82D00000704D520460E2135
:103F100005F06CFA20B1204605F060F8002070BD75
:103F200020462946FFF740FB002070BD7047000087
:103F30009AB00DF1040A044650466421FCF7BDF91D
:103F400040F2A800C2F2000040F2D8574FF000083B
:103F500000F10C06C2F200070FF29C0900254FF099
:103F6000000B0BE03846FDF7A5F9204604F01CF9DC
:103F7000204604F04BF9642004F0F4F93046FEF7D3
:103F8000F3F894F82D1011F0040101D00128E9DDB7
:103F90000029F0D10228EEDB0238042806D212A153
:103FA00051F820B059F8205003E000BFB8F1000FDD
:103FB00016D038465146FCF797FB38465146CDE9B6
:103FC000065BFCF7B5FF3846FDF76AF8204604F0BB
:103FD00095F9204604F04AF94FF00108CBE700BFFD
:103FE0004FF00008C7E700BF000800000000000015
:103FF0000008000000000000004000000040000039
:1040000000000000000000002DE9F0410C46069978
:10401000804608461F46164601F03EFB05462046F0
:104020000E2104F0ABFC00281CBF6FF00100BDE8BE
:10403000F08160688581B988818039680160B188C4
:1040400041813168C0F8061098F82C00062809D084
:1040500042F6A050C0F6010006A113A340F23312AD
:104060000EF01AFCD8F8182040462146BDE8F04171
:10407000104700BF6E657469662D3E6877616464A1
:10408000725F6C656E206D757374206265203620DA
:10409000666F722065746865726E65745F6F7574A3
:1040A00070757421000000002E2E2F4D6964646C21
:1040B0006577617265732F54686972645F506172CD
:1040C00074792F4C7749502F7372632F6E65746922
:1040D000662F65746865726E65742E63000000005B
:1040E0002DE9F041A4B0044630B971A07AA17EA3B5
:1040F0004FF4F2720EF0D0FB47F27340E08543F2CA
:10410000257045F27541C0F60000C0F60001C4E913
:10411000050102A86421FCF7D0F848F2000140F242
:10412000D85648F20000CCF6E151C2F20006C4F2C3
:104130000200CDF802104AF6AF4140F2E03340F2FF
:104140004037ADF806100DF102014FF40002C2F243
:104150000003C2F200074FF4C06586E88F003046C6
:104160007561FCF789FB40F2A807C2F2000705461B
:1041700007F130003421FCF7A0F82120F8624FF459
:104180004000386442F6F840C0F6010002F060FFDB
:104190000620716884F82C000878002284F8260034
:1041A0004878002684F82700887884F82800C878A2
:1041B00084F82900087984F82A00487994F82D10A9
:1041C00084F82B0040F2DC50A08441F00A0084F80F
:1041D0002D000120012104F0EBFA7860012001217B
:1041E000002204F0E5FAB86046A01B904FF4AF70CF
:1041F000CDE9226620903020219044F22530C0F68F
:1042000000001BAA2146CDE91C66CDE91E6604F01C
:104210005DFB07F10C0640F21401C2F200013046CA
:10422000FEF76EF83046FDF7F7FF2DB1FCF72EFADA
:10423000002024B0BDE8F0813046FDF795FF01284D
:104240000ADC204603F0E2FF204603F0ADFF002029
:1042500024B0BDE8F08100BF0338022806D82BA1A6
:1042600051F820602CA151F8207003E04FF48047F2
:104270004FF4006640F2D855C2F200050DF108086F
:1042800028464146FCF730FA28464146CDE90776F4
:10429000FCF74EFE2846FCF703FF204604F02EF8FC
:1042A000204603F0E3FF002024B0BDE8F08100BF0A
:1042B000417373657274696F6E20222573222066C4
:1042C00061696C6564206174206C696E6520256489
:1042D00020696E2025730A006E6574696620213D91
:1042E000204E554C4C0000002E2E2F4C5749502F7D
:1042F0005461726765742F65746865726E65746960
:10430000662E6300457468496600000000000000E6
:104310000008000000000000004000000000000055
:104320000000000082B040F2A80540F2D8580446D0
:10433000C2F200050026C2F200080DF1040900BF18
:1043400068684FF0FF3104F0E7F90028F8D107E082
:10435000226938462146904710B1384604F03EFEA7
:10436000287801960028EBD140464946FCF752FCDC
:10437000019F002FECD1E3E7002070470A4603219C
:1043800000F0EEB82DE9F04383B040F21476C2F2AB
:104390000006B568894629783C2202EA8107142F75
:1043A000044602D36089042806D2204603B0BDE843
:1043B000F04304F013BE00BF6068007808283FD1C6
:1043C000706900F0F001E029EFD0316800F026F9C3
:1043D0000028EAD120890828E7D307F10E082046F3
:1043E000414604F0CBFA98B32089384481B2814227
:1043F000DBD10E204FF4207204F0F6FA0028D4D05E
:104400008046408907F10801814266D8D8F8040047
:1044100029463A46FBF72AFF4046394604F0E6FFB4
:10442000002855D042F6A05043F61E23C0F60100E6
:1044300030A1C0F60103B6220EF02EFA4DE000BF07
:10444000A046404603B0BDE8F04304F0C7BD00BF3E
:104450002046414604F0CAFF90B142F6A05043F610
:104460001E23C0F6010031A1C0F60103C7220EF0E1
:1044700013FA204603B0BDE8F04304F0AFBD00BF1F
:10448000A046D8F804404046394604F077FA0028A0
:10449000D7D156F8140FD8F8041056F8042CC86079
:1044A0000A610020FF220A72488101212070608089
:1044B000CDE90001404631460022FF23CDF80890A7
:1044C00000F0CEFA404603B0BDE8F04304F086BDEC
:1044D0004046214604F024FC40B1404604F07EFDF5
:1044E000204603B0BDE8F04304F078BD204604F058
:1044F00075FDC6E769636D705F696E7075743A200B
:104500006D6F76696E6720722D3E7061796C6F6198
:104510006420746F2069636D7020686561646572E2
:10452000206661696C65640A0000000069636D7053
:104530005F696E7075743A20726573746F72696E1C
:1045400067206F726967696E616C20702D3E7061C3
:10455000796C6F6164206661696C65640A000000B3
:104560002DE9F04184B090460E46074622202421D2
:104570004FF4207204F038FA90B30446408923289F
:104580000CD842F6A05043F61E23C0F6010016A137
:10459000C0F6010340F269120EF07EF965687F688B
:1045A0002E70002605F1080039461C2285F801808E
:1045B0006E60FBF75BFEF868039003A800F00AFE4C
:1045C00058B1074601206E80CDE9006003AA20465D
:1045D0000021FF23029700F043FA204604F0FEFC7E
:1045E00004B0BDE8F08100BF636865636B20746848
:1045F00061742066697273742070627566206361ED
:104600006E20686F6C642069636D70206D657373D4
:10461000616765000A460B21FFF7A2BF421C022A10
:104620003CBF0120704791F82D20920702D54A68BF
:10463000824201D10020704789684240114205D171
:10464000CA438843904204BF01207047002070474E
:104650002DE9F04F8FB0D0F804B004469BF800006D
:1046600000F00F00052840F0D1806089132840F247
:10467000D380BBF80600B1F8248017460D4601F040
:104680000BF82189A1F11402110400F0D780A8F1E0
:10469000140101EB5171C91000F400536FF35F3046
:1046A0000C90C800CDE9075785B24FF014084FF0C1
:1046B000000A05930691CDE903B50B9297B20E203F
:1046C00014214FF42072BD420A9738BF2F4604F0E0
:1046D0008BF9002800F0BF800646408913280CD8CB
:1046E00042F6A05043F69323C0F6010063A140F2C6
:1046F0002532C0F601030EF0CFF870685946142237
:10470000FBF7B4FD7068CDE90D7609901FB947E05D
:1047100024684FF0000866891FFA88F5AE420CD273
:1047200042F6A05043F69323C0F601005BA140F28D
:104730002D32C0F601030EF0AFF8A6EB0800B9B2B7
:104740001FFA80FA514538BF8A46BAF1000FDFD010
:10475000052002F0C5FC00287AD0814660685146E9
:1047600028440090002041224B46CDF804A004F0DC
:1047700013FA002868D08346204604F015FE45F25F
:104780003140C0F60000C9E904040E98594604F00F
:1047900023FAA7EB0A073804BAD1DDF80CB00D9F55
:1047A000DDF81C900C9DB9F82400059BA0F11401C4
:1047B00028466FF35F3000F50052002B18BF1046FB
:1047C0000A9BD0449942B8BF104600F065FF099E8D
:1047D000F08007F1140080B200F05EFF00277080C7
:1047E00077810E9ED9F81430089A4846314698478A
:1047F000304604F0F3FB0B9A0D98121A1004069839
:1048000005440C95049D7FF458AF00E0FA2778B278
:104810000FB0BDE8F08F00BF42F6A05043F69323DF
:10482000C0F601000EA1C0F601034FF43F720EF076
:1048300033F8FA2778B20FB0BDE8F08F002778B2CE
:104840000FB0BDE8F08F00BF0520494602F0C2F965
:104850000E9804F0C3FBFF2778B20FB0BDE8F08FCD
:104860006970345F6672616728293A2070627566E4
:1048700020746F6F2073686F7274000074686973BE
:10488000206E656564732061207062756620696EB4
:10489000206F6E652070696563652100702D3E6C28
:1048A000656E203E3D20706F666600002DE9F04782
:1048B000456804462A7802F0F000402873D16888E1
:1048C0000E463C2101EA820A00F0E6FE21890746F5
:1048D000884203D22046394604F0DAFC608950450C
:1048E00061D3208987425ED8BAF1130F5BD9E9689A
:1048F000286940F21479C2F2000996F82D20C9E91E
:10490000041000F0F001E02902F0010104D1A9BB7C
:104910004FF0000838E000BF59B1716849B18842D2
:10492000B04631D03146FFF779FEB04660BB99F80A
:104930001400C0B27F284FF0000825D040F2B0200C
:10494000C2F20000076827B91EE000BF3F68002FD1
:10495000DED0B7421CBF97F82D005FEAC070F5D0DB
:1049600079680029F2D0D9F81400884204D0394679
:10497000FFF754FE0028E9D0B84605E07068B0465D
:10498000002808BF4FF00008D9F810003146FFF7A3
:1049900045FE40B9D9F8100000F0F000E02818BF3B
:1049A000B8F1000F06D1204604F018FB0020BDE846
:1049B000F08700BFE8886FF0C001084206D02046AB
:1049C00000F008F9002847D04568044628783C21C3
:1049D00001EA8000A9F80C0020465146C9E900868A
:1049E000C9F8085004F002FD687A012808D00628AA
:1049F0000CD0112810D1204631460BF049FE22E0A0
:104A000020463146FFF7BEFC1DE000BF2046314680
:104A100007F0EAF917E000BFD9F814004146FFF7A4
:104A2000FDFD68B9D9F8140000F0F000E02807D0C7
:104A30002046514604F0B0FB20460221FFF79EFCC1
:104A4000204604F0CBFA0020C9E90400C9E90000BF
:104A5000C9F80800A9F80C000020BDE8F0870000A4
:104A6000B0B584B0DDF828C0DDE9084E42B129B107
:104A70000D68002D08BF0CF1040101E00CF10401E8
:104A8000CDE9004ECDF808C000F002F804B0B0BD8A
:104A90002DE9F04782B00446807B1F461546012869
:104AA00088460FD042F6A05043F6532143F65F23C9
:104AB000C0F60100C0F60101C0F601034FF45572C3
:104AC0000DF0EAFE55B12046142103F057FF68B1FE
:104AD000FE2040B202B0BDE8F08700BF6089142814
:104AE00044D2FE2040B202B0BDE8F0876089DDE923
:104AF0000A9A666813280CD842F6A05043F65F2342
:104B0000C0F6010027A1C0F6010340F289320DF082
:104B1000C3FE28683772306145203070208986F8DE
:104B200009A086F8019000F0B7FD40F22C77C2F2A0
:104B30000007708038884FF00009A6F8069000F052
:104B4000ABFD42F69441C0F60101B0803888B8F15F
:104B5000000F18BF4146096801303880F160A6F89F
:104B60000A900C99888C40B912E000BF606801ADD2
:104B7000006901900C99888C50B12289824207D932
:104B800020462A46FFF764FD40B202B0BDE8F08738
:104B90004B69084621462A46984740B202B0BDE814
:104BA000F08700BF636865636B207468617420667A
:104BB0006972737420706275662063616E20686F1D
:104BC0006C64207374727563742069705F686472BA
:104BD000000000002DE9F04F85B0D0F804900546A4
:104BE00099F8000000F00F00052840F07081B9F836
:104BF000060000F051FDB9F802100446084600F026
:104C00004BFD064699F800003C2101EA8007BE42B0
:104C1000C0F05D81284604F049F840F2F822C2F263
:104C200000021188049008440A28039544D9D2F858
:104C300004B04FF000080296CDE90047BBF1000F29
:104C40003ED0D9F80C204FF0000A002100270020A8
:104C50005E460CE00AF1010AC0B1F57FC47FA542AF
:104C60009CBF30463946336837461E4693B1756956
:104C70009542EFD1B569D9F81040A542EAD1B5897E
:104C8000B9F80440A542E5D1EDE700BF304639460A
:104C9000E9E700BF40B100F0D7FA40F2F821C2F2D4
:104CA0000001D1F804B08044049880450ADABAF1D2
:104CB000010FC3DC06E000BFD2F804B014E000BF6F
:104CC0004FF0000BDDE90265DDE90047B8F1000FA8
:104CD00000F0FD8040F2F820C2F200000088049944
:104CE00008440A2800F2F380BBF1000F24D0D9F861
:104CF0000C0004E0DBF800B0BBF1000F1CD0DBF8C7
:104D000014108142F6D1DBF81810D9F81020914226
:104D1000F0D1BBF80C10B9F804209142EAD1B9F8EF
:104D2000060000F0B9FCC00427D1BBF80E0000F06B
:104D3000B3FCC0041BD120E0042002F0D1F983466B
:104D4000002873D0002040F2F822CBE90100C2F223
:104D500000025168CBF81C00CBE90500CBE9030049
:104D60000F208BF81F00CBF80010C2F804B00BF135
:104D7000080049461422FBF779FAB9F806004FEA11
:104D8000C40910F02000A6EB070A02900AD11FFA0E
:104D90008AF010FA89F188B2884221D14FF6EB717E
:104DA00088421DD803984568688800F075FC29780A
:104DB0003C2202EA8102904212D3E988841A084612
:104DC00000F06AFCC10003988BB2406800220260C8
:104DD00013FA84F295B295428180C28000F08080FF
:104DE000DBF80400039D002871D140F2F824C2F2E0
:104DF00000046068834511D042F6A05043F6932327
:104E0000C0F601000FF2AC31C0F6010340F2AB2254
:104E10000DF042FD6068584540F09481DBF80000D9
:104E200059466060042001F0D5FE50E040F2F82AB7
:104E3000C2F2000ADAF804C0A3464FF00008CDE938
:104E4000017600BFBCF1000F33D0D9F80CE000258B
:104E500000210023002064460DE000BF05F101059C
:104E6000C0B1E77FC67FB7429CBF20461946226883
:104E70002346144692B167697745EFD1A769D9F8FF
:104E80001060B742EAD1A789B9F80460B742E5D10A
:104E9000EDE700BF20461946E9E700BF20B100F06A
:104EA000D3F9DAF804C080440498804501DA012D72
:104EB000C8DC0498039DDDE90176804507DB04200A
:104EC0005C4602F00DF9834600287FF43BAF28468C
:104ED00004F084F80025284605B0BDE8F08F00BF37
:104EE000DBF80460029F012282EA5717E6B10197BE
:104EF0004FF0000E0121002703E000BF166817469F
:104F0000B6B37268B2F804C0634515D33FF468AF16
:104F1000B2F806804345FFF463AF002FEED0FC8863
:104F2000644518BF7146E9E7039A0546CBF80420AB
:104F300067BB012112E000BF002F066000F0D480A3
:104F4000FA889342FFF44CAF65453FF649AF039EA4
:104F50009A423E6018BF0021019A8AB99BF81E2030
:104F6000D2074FF0000218BF002913D009E000BF9C
:104F7000039F9845176018BF0021019A002AEDD0C1
:104F800039B1DBF8041021B14D68A988090400F09B
:104F9000A780002240F2F821C2F200010888049B99
:104FA0001844029B08804BB99BF81E100AEB0900BD
:104FB000ABF81C0041F001008BF81E00002A4FF0F6
:104FC00000053FF488AFDBF80400BBF81C1047680D
:104FD00001F114043E680BF1080138461422FBF776
:104FE00045F9A0B200F058FBFD807D81DBF804504C
:104FF00078805EB174683046142104F0F7F92846D1
:10500000314603F0E9FD2668002EF3D140F2F82185
:10501000C2F2000151F8040F83451AD0002800F0B5
:105020009180026801465A4513D0002A00F08A8018
:105030001068114658450CD0002800F083800268A3
:1050400001465A4505D0002A7CD0106811465845C3
:10505000E4D1DBF8000008600420594601F0BAFDF5
:10506000284603F023FE40F2F826C2F200063188FB
:10507000044681420DD242F6A05043F69323C0F677
:10508000010045A1C0F6010340F29B220DF004FC93
:105090003188081B3080284605B0BDE8F08F00BF7E
:1050A0004968C0888A8890427FF473AF086838B333
:1050B0004068C988828891427FF46BAF016801B370
:1050C0004968C0888A8890427FF463AF0868B8B1A5
:1050D0004068C988828891424FF000027FF45AAF3D
:1050E00001680029DCD10CE065453FF679AE039AF2
:1050F000CBF80420019A002A7FF442AF2EE700BFCC
:10510000084685421BD142F6A05043F69323C0F6D1
:10511000010014A1C0F6010340F2E1120DF0BCFB46
:10512000286860B142F6A05043F69323C0F6010010
:1051300010A1C0F6010340F2E3120DF0ADFB012215
:1051400028E700BF42F6A05043F6CC2143F6932354
:10515000C0F60100C0F60101C0F6010340F245129D
:105160000DF09AFB73616E69747920636865636BF7
:105170000000000076616C69646174655F6461744D
:10518000616772616D3A6E6578745F7062756621F1
:105190003D4E554C4C00000069705F726561737341
:1051A0005F70627566636F756E74203E3D20636C40
:1051B000656E00006E6F74206669727374616C7442
:1051C000686F756768206A75737420656E717565A0
:1051D0007565640080B540F2B021C2F2000100BFE5
:1051E0000968C9B191F82D2002F00503052BF7D10C
:1051F0004B68002BF4D0D0F800C0D1F808E083EA67
:105200000C0313EA0E0F04D09207E9D4CA68944540
:10521000E6D1084680BD00BF40F2B421C2F20001D1
:105220000A687AB192F82D1001F00501052909D11B
:10523000516839B10078B0F17F0118BF11460846B6
:1052400080BD00BF002080BD2DE9F04F81B08846B1
:10525000814681420BD142F6A05043F69323C0F61B
:1052600001004BA1C0F60103AB220DF015FBB8F114
:10527000000F0FD0D8F8000048450BD042F6A050E0
:1052800043F69323C0F6010044A1C0F60103AD220A
:105290000DF002FBD9F804707868818811B10026FE
:1052A00016E000BF01681422C9F8041009F10801D2
:1052B000FAF7DCFF38460121FFF7ACF9384603F076
:1052C000F5FC0646384603F089FED9F804700FB3A2
:1052D00042F6A05A43F69325C0F6010A0FF2D00B0E
:1052E000C0F6010505E000BF384603F077FE27460B
:1052F00084B178680468384603F0D8FC10FA86F662
:10530000B6F5803FF0D350465946CC222B460DF0DF
:10531000C3FAE9E740F2F825C2F20005686848459B
:1053200002D0B8F1000F23D04845D9F8000008BFDB
:1053300005F10408C8F800000420494601F04AFCC1
:105340002888B4B2A0420CD242F6A05043F6932370
:10535000C0F601001EA1C0F60103D2220DF09CFA96
:105360002888811B2046298001B0BDE8F08F00BF4E
:1053700042F6A05043F6CC2143F69323C0F6010039
:10538000C0F60101C0F6010340F245120DF084FAA7
:105390007072657620213D206970720070726576AA
:1053A0002D3E6E657874203D3D20697072000000CE
:1053B00070627566735F6672656564202B20636C2E
:1053C000656E203C3D203078666666660000000011
:1053D00069705F72656173735F70627566636F7524
:1053E0006E74203E3D2070627566735F66726565FF
:1053F00064000000B0B540F2F820C2F2000040683E
:10540000002808BFB0BD002406E000BF05682146A3
:10541000FFF71AFF28464DB1C17F0029F6D00139A8
:105420000568C1770446002D2846F5D1B0BD0000BF
:1054300010B5044660B942F6A05043F69323C0F677
:10544000010009A1C0F6010340F2CE220DF024FABA
:105450006069002818BF03F0C1FD05202146BDE8A2
:10546000104001F0B7BB00BF70637220213D204E99
:10547000554C4C00F0B58DB001AD0C46284630219E
:10548000FAF71BFF24B3D4E9001001906089029061
:10549000F1B1D1E900020492498905F10C020591AC
:1054A0000392A8B1D0E900120792408905F11802D1
:1054B0000890069261B1D1E900200A90488905F16F
:1054C00024010B9009911AB1F42040B20DB0F0BD47
:1054D000208940F2A807C2F20007C7E90C05204660
:1054E00007F12C063C6603F05FFF40F2D850C2F291
:1054F00000003146FBF73CFFB8684FF0FF3103F086
:105500000BF90028F8D140F2D850C2F20000FBF7A6
:105510007FFC002040B20DB0F0BD00002DE9F0414D
:1055200004464068804704F0CFFF40F2EC28C2F206
:105530000008D8F80810276805467E18301AB0F120
:10554000FF3F31DD0A2001F0CBFD00285AD00021B9
:10555000C0E90016D8F8041045F21D52C0F600024A
:1055600000298260C46060D04A68B21A5CD40B68BB
:10557000002B5FD05A68B21A62D41968002965D02E
:105580004A68B21A7AD40B68002B53D05A68B21A00
:1055900056D41968002959D04A68B21AB2F1FF3FAF
:1055A0001A46E4DC48E000BF0A2001F099FD48B348
:1055B0007A190021C0E90012D8F8041045F21D53F1
:1055C000C0F600038360C46079B34B68D31A2BD450
:1055D0000B68002B40D05F68D71B43D419680029A3
:1055E00046D04F68D71B4FD40B68ABB35F68D71B4F
:1055F00038D41968E1B34F68D71BB7F1FF3F1F4696
:10560000E6DC2BE042F6A05043F61D1143F6E90319
:10561000C0F60100C0F60101C0F60103BE22BDE8DC
:10562000F0410DF039B900BF0160C8F80400BDE8D1
:10563000F08100BF0A46002101601060BDE8F081E2
:105640000A46194601601060BDE8F08100211A4643
:1056500001601060BDE8F0810F46002101603860F4
:10566000BDE8F0810F46194601603860BDE8F08161
:1056700000211F4601603860BDE8F0811A460160D4
:105680001060BDE8F08100BF1F4601603860BDE8D2
:10569000F081000000BA704740BA704780B504F04E
:1056A000BDFE01F01FF801F013FB02F0F3FC0AF05D
:1056B000E3FF06F08DFBBDE8804004F0D1BF0000A1
:1056C00010B501680446486860B1097801F0F0013E
:1056D00010290BD0202905D1A168A2890AF002FF68
:1056E000207110BDFA20207110BD00BFA168A289F1
:1056F00005F046FB207110BDB0B504460068416856
:1057000051B1017801F0F001102905D1217A4278D8
:10571000032905D0022A03D1F5202071B0BD00BFB6
:10572000012A05D0032A07D1F5202071B0BD00BFA2
:10573000FB202071B0BD00BFC90702D001F00AFFF5
:105740002068016A81B142F6A05042F60B7142F620
:10575000D963C0F60100C0F60101C0F6010340F2B2
:10576000BD720DF099F82068042141700021046297
:1057700000F03CF80028D1D02068407804280FD0F1
:1057800042F6A05042F6586142F6D963C0F60100D5
:10579000C0F60101C0F6010340F2C2720DF07CF8C0
:1057A00040F25C25C2F20005284604F089FE20681C
:1057B00000210C3004F0ECFD284604F06DFE20685A
:1057C0004078002808BFB0BD42F6A05042F65861AC
:1057D00042F6D963C0F60100C0F60101C0F601032C
:1057E00040F2C672BDE8B0400DF056B82DE9F04762
:1057F0000446884640B3207800F0F000102835D1E8
:105800006078042842D1606800284FD0206A0028C0
:105810005CD0007A676800F0010A032800F00209F2
:105820006FD0BAF1000F63D1B9F1000F02D0788BBD
:10583000C00666D43E4616F8140F012870D13846CB
:10584000002105F007F974E042F6A05042F6D96352
:10585000C0F601008DA1C0F6010340F2A2320DF0A6
:105860001BF8207800F0F0001028C9D042F6A050B4
:1058700042F6D963C0F6010088A1C0F6010340F2E8
:10588000A3320DF009F860780428BCD042F6A0508D
:1058900042F6D963C0F6010088A1C0F601034FF4B7
:1058A00069720CF0F9FF60680028AFD142F6A05091
:1058B00042F6D963C0F6010089A1C0F6010340F2A7
:1058C000A5320CF0E9FF206A0028A2D142F6A050D0
:1058D00042F6B26142F6D963C0F60100C0F601019A
:1058E000C0F6010340F2A6320CF0D6FF206A90E722
:1058F000387D082898D8012101FA00F010F4B07F13
:1059000092D038460021002505F036FA3E4616F8BA
:10591000140F012805D13846002105F09BF867E0F7
:105920000125BAF1000F49D1B9F1000F51D1002D75
:1059300055D0384651464A4609F0BEF90125216A3C
:10594000421C5CD1487A0246002818BF01222A4333
:1059500060D0002800F08E80307801280CD142F60B
:10596000A05042F6D963C0F6010062A1C0F601035F
:1059700040F241420CF090FFB9F1000F06D04AF21C
:105980009921C0F60001384609F066F949F26541EF
:10599000C0F600013846012207F06CFC42F6CD212A
:1059A000C0F60001384606F06FF83846214605F08B
:1059B000E3F9FF2040B2BDE8F08700BF3846002180
:1059C00008F0A4FC3846002105F044F8B9F1000FB6
:1059D000ADD03846002109F03FF9002DA9D1384655
:1059E0000021002207F046FC3846002106F04CF862
:1059F000384605F0B5FC0025216A421CA2D00A6891
:105A0000087102F10C0700212162617040BB6DB189
:105A100014E000BF384605F019F8206A016801F16A
:105A20000C0700210171216261703DB9636A002099
:105A300060601BB12046042100229847BAF1000F94
:105A400005D0636A1BB12046002100229847B9F1B6
:105A5000000F05D0636A1BB120460221002298473F
:105A6000B8F1000F02D0384604F050FD002040B2DB
:105A7000BDE8F087086800F10C07FF2008710020DE
:105A800020626070B8F1000FEDD1EFE7696E7661CA
:105A90006C696420636F6E6E000000007468697347
:105AA00020697320666F7220746370206E65746362
:105AB0006F6E6E73206F6E6C79000000636F6E6E98
:105AC000206D75737420626520696E207374617433
:105AD00065204E4554434F4E4E5F434C4F53450057
:105AE00070636220616C726561647920636C6F73AE
:105AF00065640000436C6F73696E672061206C6998
:105B00007374656E20706362206D6179206E6F74AE
:105B1000206661696C210000B0B5044600684578D4
:105B200025B3007800F0F00010280CD042F6A05009
:105B300042F6D963C0F601004DA1C0F6010340F260
:105B40005F420CF0A9FE032D04D0022D06D120687F
:105B50000CE000BF2068017F490707D4FB202071BB
:105B600020680C30BDE8B04004F0D4BC00212171A5
:105B700001F0F0FC2068416879B1027802F0F0028F
:105B8000102A1DD0202A05D10022CA6140680AF0DF
:105B900039FF2068002141602068436A002BDFD074
:105BA0000021002298472068436A002BD8D00221A8
:105BB0000022984720680C30BDE8B04004F0AABC31
:105BC000016A81B142F6A05042F60B7142F6D963E8
:105BD000C0F60100C0F60101C0F6010340F2944294
:105BE0000CF05AFE2068042141700321217200212B
:105BF0000462FFF7FBFD002808BFB0BD20684078B5
:105C000004280FD042F6A05042F6586142F6D963FC
:105C1000C0F60100C0F60101C0F6010340F29A424D
:105C20000CF03AFE40F25C25C2F20005284604F072
:105C300047FC206800210C3004F0AAFB284604F041
:105C40002BFC2068407888B142F6A05042F658619B
:105C500042F6D963C0F60100C0F60101C0F60103A7
:105C600040F29E42BDE8B0400CF016BEB0BD00BF91
:105C70006E6574636F6E6E207374617465206572F7
:105C8000726F7200B0B582B001680446486898B17E
:105C90000A7802F0F002102A10D1497802290FD0B8
:105CA00051B9017DA1B1FA208DF807009DF80700D8
:105CB000207102B0B0BD00BFF52002E0F02000E08E
:105CC00000208DF807009DF80700207102B0B0BDDC
:105CD0000DF10702FF2106F0C1FC0028E6D00546C1
:105CE0002068103004F0D2FB38B12068103004F086
:105CF0009FFB2068103004F0B5FB216800208DF870
:105D0000070001F1140004F0C1FB18B19DF8070071
:105D100007E000BF20680621143004F093FB8DF8E3
:105D2000070000060AD0284605F01AFB206800216B
:105D300041609DF80700207102B0B0BD20680222CA
:105D4000456021684270486805F016F8206842F600
:105D500041114068C0F6000104F07CFE9DF8070088
:105D6000207102B0B0BD0000B0B50446002100684B
:105D70002171416801B1B0BD007800F0F000102839
:105D800016D0202844D100200AF00AFE216848607D
:105D900022685068A0B31178222902D10121017430
:105DA00050684AF25D11C0F600010AF00DFE27E0CE
:105DB000002006F063FD2168486021684D68FDB150
:105DC000284604F0D9FF49F6E971C0F600012846DB
:105DD00008F09CFA4AF29921C0F60001284608F022
:105DE0003BFF49F26541C0F600012846022207F058
:105DF00041FA42F6CD21C0F60001284605F044FEE6
:105E000020684068002818BFB0BDFF202071B0BDD9
:105E1000FA202071B0BD0000F0B581B00446002129
:105E200000682171416899B1007800F0F0001028F5
:105E30000ED1A6684FF6FF7720684FF6FF754068D1
:105E4000BE4238BF3546294608F0CEFA761BF3D15C
:105E500001B0F0BDB0B50446006801F0F9FB50B9DF
:105E60002068017801F0F001102903D1417829B1AF
:105E7000FB2000E0FA202071B0BD00BF416800297E
:105E800064D0016A0122427079B142F6A05042F614
:105E90000B7142F6D963C0F60100C0F60101C0F6ED
:105EA000010340F223720CF0F7FC606960B942F61E
:105EB000A05042F6D963C0F6010025A1C0F6010347
:105EC00040F224720CF0E8FC20680021046200F02B
:105ED00049F80028D0D02068407801280FD042F639
:105EE000A05042F6586142F6D963C0F60100C0F6F0
:105EF0000101C0F601034FF4E5620CF0CDFC40F265
:105F00005C25C2F20005284604F0DAFA2068002178
:105F10000C3004F03DFA284604F0BEFA20684078C0
:105F2000012818BFB0BD42F6A05042F6586142F6B3
:105F3000D963C0F60100C0F60101C0F6010340F2CA
:105F40002C72BDE8B0400CF0A7BC00BFF52092E772
:105F50006D73672D3E6D73672E772E6C656E2021F5
:105F60003D2030002DE9F04F83B08246002801919A
:105F700000F0CA809AF80100012840F0DA80DAF8CF
:105F80002000002800F0E780DAF80400002800F084
:105F9000F780DAF82000D0E905128A4280F0048107
:105FA0008189002900F013819AF81C1090F81C8058
:105FB00001F0020008F004010918B1FA81F04FEA7B
:105FC00050104FF6FF7618BF01210091029004E0B7
:105FD000002C4FF6FF7600F00D81DAF82000DAF899
:105FE00004208368D0F81090D3E900E10023A1EBEE
:105FF000090448F0020BB3EB144F18BFD846B2F8AF
:106000006420B4424FF6FF754FF0000338BF2546B9
:10601000AA4228BF0123029FD44647EA03075B46F2
:106020002CBF434615465FB3984619FA85F0E24601
:10603000884211D942F6A05042F65F6142F6D96318
:10604000C0F60100C0F6010140F2A462C0F60103EF
:1060500077460CF021FCBE46ADB2B54203D100201C
:10606000B0EB144F08D1A0B2A84213D1DAF8200047
:10607000808902280ED300BF0124D8460BE000BF60
:10608000002A00F0CF80154619FA85F0E2468842D2
:10609000D0D8E1E70024DAF804000EEB09015FFA3A
:1060A00088F32A4609F0ACFB10BBDAF820008169BE
:1060B00029448161DAF82000016929440161DAF894
:1060C00020008168026949688A427FF481AF818932
:1060D00001398181DAF82000818900293FF478AF05
:1060E000816808318160DAF82000002101616FE7E2
:1060F00006460130C0B2012800F2B080FF260098A9
:1061000000287AD198E000BF42F6A05042F6CC6158
:1061100042F6D963C0F60100C0F60101C0F60103E2
:1061200040F273620CF0B8FB9AF8010001283FF4CA
:1061300026AF42F6A05042F6D963C0F601006DA129
:10614000C0F6010340F274620CF0A6FBDAF82000FE
:1061500000287FF419AF42F6A05042F6B26142F631
:10616000D963C0F60100C0F60101C0F6010340F298
:1061700075620CF091FBDAF8040000287FF409AF97
:1061800042F6A05042F6D963C0F6010061A1C0F604
:10619000010340F276620CF07FFBDAF82000D0E9D0
:1061A00005128A42FFF4FCAE42F6A05042F6D963D3
:1061B000C0F601005DA1C0F601034FF4CF620CF000
:1061C0006BFBDAF82000818900297FF4EDAE42F6FE
:1061D000A05042F68A6142F6D963C0F60100C0F6CB
:1061E0000101C0F6010340F279620CF055FBDAF8C8
:1061F0002000D9E600260098F0B1DAF82000816985
:106200004069814218D2DAF824301BB1504603218C
:10621000002298479AF81C0040F010008AF81C00F1
:106220001CE000BF81690026002908BF6FF0060648
:10623000E24640698142E6D3DAF80400B0F864101F
:10624000B1F5866F03D3B0F86600052806D3DAF8F7
:1062500024301BB15046032100229847F0B2FF289A
:106260000CD068BBDAF82010DAF80400D1E9054553
:1062700006F078FB04301BD1FC2621E0DAF804009C
:1062800006F070FB06460430B0FA80F002994FEA3F
:10629000501041EA000118BF4FF0FF3679B9DAF823
:1062A000200000268069002808BF6FF0060607E07E
:1062B000281BB0FA80F0009940090843002698B1E5
:1062C000DAF82000019A016806710020CAF820005F
:1062D0008AF8010022B101F10C0004F017F9002046
:1062E00040B203B0BDE8F08FFF2040B203B0BDE87C
:1062F000F08F00BF636F6E6E2D3E73746174652006
:106300003D3D204E4554434F4E4E5F5752495445F4
:1063100000000000636F6E6E2D3E7063622E74632A
:106320007020213D204E554C4C000000636F6E6E76
:106330002D3E63757272656E745F6D73672D3E6D71
:1063400073672E772E6F6666736574203C20636FCB
:106350006E6E2D3E63757272656E745F6D73672D20
:106360003E6D73672E772E6C656E0000B0B50C46DF
:106370000546B9B142F68C50C0F60100854223D0E3
:1063800042F68E50C0F60100854221D042F68D5073
:10639000C0F6010085421CBF0020B0BDF120207076
:1063A0000120B0BD42F6A05042F6D963C0F601000C
:1063B00009A1C0F6010385220CF06EFA42F68C505A
:1063C000C0F601008542DBD1F32020700120B0BD72
:1063D000F22020700120B0BD65727220213D204E58
:1063E000554C4C0082B0FBF72DF9FCF729F9FBF76F
:1063F000B3FFFCF7A1F8012040F2D05C00904AF214
:10640000BD60C2F2000CC0F6000009A14FF480622A
:106410000023CDF804C00BF08FFF0AF023FF01F03A
:10642000B9FFFBF787FF01F0C9FF00BFFEE700BF20
:10643000455448206578616D706C6500F0B581B099
:1064400070B1054680070DD042F6A05043F24703D5
:10645000C0F601007FA1C0F6010340F27322A2E062
:1064600001B0F0BD40F26827C2F200073868A5F11C
:1064700008068642C0F08C80786805F10C018142E4
:1064800000F2868007F10C04204604F005F815F8A8
:10649000040C002800F0A08035F8082CB2F5205F2D
:1064A00000F28A8035F8061CB1F5205F00F2848086
:1064B0003868331A9BB2994202D0415A99427BD133
:1064C000796802448A4202D052889A4274D1BA68EA
:1064D0000023964205F8043C38BFBE60B04200F28B
:1064E0009580B14240F2A38015F8040C60B142F6E9
:1064F000A05043F24703C0F601006CA1C0F60103AF
:1065000040F2E1120CF0C8F93188B1F5205F10D9E2
:1065100042F6A05043F21D0143F24703C0F60100CA
:10652000C0F60101C0F601034FF4F2720CF0B4F9A9
:10653000318838684218B24211D013797BB97B6830
:106540009A420CD0B968914208BFBE601188318070
:106550001288B2F5205F1EBF331A0244538035F80B
:10656000062C8318B3420CD01D7955B9BD68B542CD
:1065700008BFBB6019803188B1F5205F1CBF08449B
:106580004280204601B0BDE8F04003F099BF00BF53
:1065900042F6A05043F24703C0F601004AA1C0F6FC
:1065A000010340F27F220CF077F903F0E5FE01B021
:1065B000BDE8F04003F00ABF42F6A05043F2760176
:1065C00043F24703C0F60100C0F60101C0F6010323
:1065D00040F295220EE000BF42F6A05043F2A8011F
:1065E00043F24703C0F60100C0F60101C0F6010303
:1065F0004FF423720CF050F9204603F061FF03F0D2
:10660000BBFE01B0BDE8F04003F0E0BE42F6A05092
:1066100043F24703C0F6010017A1C0F6010340F2A0
:10662000DF120CF039F97968B1423FF65DAF42F6FE
:10663000A05043F24703C0F6010015A1C0F60103C4
:106640004FF4F0720CF028F915F8040C00287FF4D0
:106650004EAF59E76D656D5F667265653A2073618F
:106660006E69747920636865636B20616C69676E1D
:106670006D656E7400000000706C75675F686F6C0C
:1066800065733A206D656D203E3D2072616D00009E
:10669000706C75675F686F6C65733A206D656D200F
:1066A0003C2072616D5F656E64000000706C756700
:1066B0005F686F6C65733A206D656D2D3E7573650F
:1066C00064203D3D203000006D656D5F667265653C
:1066D0003A20696C6C6567616C206D656D6F7279CD
:1066E0000000000080B548F29C60C2F20000033058
:1066F00020F0030040F268210023C2F200014FF4B1
:106700002052037100F52053086002604B6042F68E
:10671000040C012300F80C304FF0282383508860CC
:1067200001F10C0003F0BEFE002808BF80BD42F658
:10673000A05043F24703C0F6010004A1C0F60103D4
:1067400040F21F22BDE880400CF0A6B86661696C7B
:10675000656420746F20637265617465206D656D7A
:106760005F6D7574657800002DE9F04F81B00028E9
:1067700000F088800146033082B220F003060C2A24
:1067800038BF0C261FFA86FBBBF5205F4FF00000D8
:1067900018D88B4516D340F26828C2F2000808F1D9
:1067A0000C0A504603F078FED8F80000D8F808101C
:1067B000CBF52052091A8BB29A420AD8504603F000
:1067C0007FFE002001B0BDE8F08F00BF8A420B467B
:1067D000F4D9C7183C79C55A1CB90833EC1A5C4582
:1067E00054D2AA42EAD947193B79415B23B905F152
:1067F0000803CC1A5C4516D28A42DFD947183B7988
:10680000455A23B901F10803EC1A5C453ED2AA426D
:10681000D4D947193B79415B002BD7D105F1080347
:10682000CC1A5C45D2D3A9460D460BF114018C421B
:1068300031D3F418A6B2B6F5205F12D142F6A050BB
:1068400043F2CE0143F24703C0F60100C0F6010156
:10685000C0F6010340F287320CF01EF8D8F80000B1
:106860003D8810FA84F1002285533C800A71A1F81A
:106870000290815B0122B1F5205F3A711CBF014497
:106880004C800AE0002001B0BDE8F08F89460BF192
:1068900014018C42CDD201213971D8F808108F42F1
:1068A00038D1D8F804108F4220D03A4612880244DA
:1068B0001379002B18BF8A4214D01288024413792E
:1068C000002B18BF8A420DD0128802441379002B86
:1068D00018BF8A4206D0128802441379002B18BFD1
:1068E0008A42E3D1B3FA83F0400901E000203A463E
:1068F0008A42C8F808200DD060B942F6A05043F291
:106900004703C0F601001FA1C0F6010340F2B532F3
:106910000BF0C2FF504603F0D3FD0BEB0700D8F895
:106920000410083088420CD942F6A05043F24703C5
:10693000C0F601001AA1C0F6010340F2BA320BF012
:10694000ABFFB80718D042F6A05443F24705C0F693
:10695000010442F6EE71C0F60105C0F601012046C1
:106960004FF46F722B460BF097FF19A1204640F2AF
:10697000BE322B460BF090FF07F1080001B0BDE8D6
:10698000F08F00BF6D656D5F6D616C6C6F633A2059
:10699000216C667265652D3E7573656400000000AC
:1069A0006D656D5F6D616C6C6F633A20616C6C6FCF
:1069B0006361746564206D656D6F7279206E6F74AC
:1069C0002061626F76652072616D5F656E642E0076
:1069D0006D656D5F6D616C6C6F633A2073616E699C
:1069E000747920636865636B20616C69676E6D659F
:1069F0006E7400002DE9F04F81B00446C81C82B2CD
:106A000020F003070C2A38BF0C27BEB2B6F5205F72
:106A10004FF0000000F2BE808E42C0F0BB8040F21A
:106A2000682AC2F2000ADAF80000A04203D8DAF8B5
:106A30000410A1420ED842F6A05043F24703C0F61C
:106A4000010056A1C0F6010340F2D2220BF024FF50
:106A5000DAE90001A0421FD8A1421DD9254635F828
:106A6000081DA5EB0009A1EB090008381FFA80F802
:106A7000464517D942F6A05043F24703C0F601003D
:106A80004CA1C0F601034FF439720BF005FF002052
:106A900001B0BDE8F08F00BF03F06EFC03F096FC80
:106AA00001E000BF04D1204601B0BDE8F08F00BF77
:106AB0000AF10C00009003F0EFFC2988DAF80000DE
:106AC00000EB010B9BF8042082B306F1140242454F
:106AD0005CD807EB0902B1F5205F02F1080611D17D
:106AE00042F6A05043F2CE0143F24703C0F6010044
:106AF000C0F60101C0F6010340F216320BF0CCFEE5
:106B0000DAF80000DAF8081010FA86F28A4238BF84
:106B1000CAF808202988002311802E80118813715B
:106B2000B1F5205FA2F802902ED12FE0B1F5205FE1
:106B30000FD142F6A05043F2CE0143F24703C0F614
:106B40000100C0F60101C0F6010340F2F5220BF08E
:106B5000A3FE07EB0900DAF80820BBF8001000F1EB
:106B60000806DAF800005A45B2B204BF8318CAF822
:106B7000083081522E80815A83180027B1F5205F9A
:106B80001F71A3F8029001D008444680009803F0DA
:106B900097FC204601B0BDE8F08F00BF6D656D5FCA
:106BA0007472696D3A206C6567616C206D656D6FFC
:106BB000727900006D656D5F7472696D2063616E3E
:106BC000206F6E6C7920736872696E6B206D656DD5
:106BD0006F727900B0B50D2826D20C46002908BF87
:106BE000B0BD42F65851C0F6010151F82050A0073F
:106BF0000FD042F6A05043F2211143F2DF03C0F65A
:106C00000100C0F60101C0F6010340F26D120BF065
:106C100043FE03F0B1FBA9680A6822600C60BDE87E
:106C2000B04003F0D3BB00BF42F6A05043F2DF03F5
:106C3000C0F6010004A1C0F601034FF4D572BDE80F
:106C4000B0400BF029BE00BF6D656D705F66726568
:106C5000653A2074797065203C204D454D505F4D5C
:106C600041580000B0B508B30C46002908BFB0BDBC
:106C70000546A0070FD042F6A05043F2211143F27F
:106C8000DF03C0F60100C0F60101C0F6010340F2C7
:106C90006D120BF001FE03F06FFBA9680A68226019
:106CA0000C60BDE8B04003F091BB00BF42F6A050BD
:106CB00043F20F1143F2DF03C0F60100C0F60101F9
:106CC000C0F6010340F29512BDE8B0400BF0E4BD00
:106CD00048F2BF00C2F20000033020F0030202F1CC
:106CE00020001346002143F8400F40F2782C116039
:106CF000126242F8603FC2F2000CCCF8002047F666
:106D0000AD42C2F20002033222F0030202F19C0300
:106D1000C2F8383102F59C73C2F8D43102F5EA7337
:106D20001160C2F89C20C2F8703202F51C72CCF8D7
:106D3000042047F6CA32C2F20002033222F00302F4
:106D400002F11C03104640F8383F134643F8540F35
:106D5000104640F8703F134643F88C0F104640F839
:106D6000A83F1160D26142F8C40F47F6BC70C2F26E
:106D700000000330CCF8082020F0030202F11000DC
:106D8000134643F8200F104640F8303F134643F8AF
:106D9000400F104640F8503F134643F8600F10462E
:106DA00040F8703F134643F8800F104640F8903F7C
:106DB000134643F8A00F104640F8B03F134643F87F
:106DC000C00F104640F8D03F134643F8E00F43F29F
:106DD0006B00C2F2000003301160126142F8F03F14
:106DE00020F00300CCF80C2000F12002034643F809
:106DF000402F024642F8603F0160006240F8802F59
:106E0000CCF8100040F23470C2F20000033020F0E1
:106E1000030202F11800134643F8300F104640F801
:106E2000483F134643F8600F104640F8783F13463A
:106E300043F8900F104640F8A83F134643F8C00FA0
:106E4000104640F8D83F134643F8F00F02F584701F
:106E5000C2F8200102F59070C2F8380102F59C706A
:106E6000C2F8500102F5A8701160CCF8140040F689
:106E70009F00C2F20000033020F003009261C2F8CC
:106E80000831016000611030CCF8180040F6C200F3
:106E9000C2F20000033020F0030000F12802034694
:106EA00043F8502F0160806240F8783FCCF81C0016
:106EB00047F6C420C2F20000033020F0030000F1C6
:106EC0001002034643F8202F024642F8303F0346A3
:106ED00043F8402F024642F8503F034643F8602FE4
:106EE0000160006140F8703FCCF8200047F6473061
:106EF000C2F20000033020F0030000F1100203464C
:106F000043F8202F024642F8303F034643F8402F13
:106F1000024642F8503F034643F8602F016000618B
:106F200040F8703FCCF8240047F69120C2F20000F0
:106F3000033020F0030000F110020160006140F80E
:106F4000202FCCF8280042F66870C2F2000003300F
:106F500020F0030202F11000134643F8200F104600
:106F600040F8303F134643F8400F104640F8503F7A
:106F7000134643F8600F104640F8703F134643F83D
:106F8000800F104640F8903F134643F8A00F10467C
:106F900040F8B03F134643F8C00F104640F8D03FCA
:106FA000134643F8E00F40F66510C2F2000011608E
:106FB000126142F8F03F0330CCF82C2020F003029D
:106FC00002F51870C2F8C00402F59860C2F82007F4
:106FD00002F5E460C2F8800902F51860C2F8E00B1F
:106FE00002F53E601160C2F8400E02F564604FF495
:106FF0008551505002F585504FF49851505002F58C
:1070000098504FF4AB51505002F5AB504FF4BE5175
:10701000505002F5BE504FF4D151505002F5D150AE
:107020004FF4E451505002F5E4504FF4F7515050F2
:1070300002F5F7504FF40551505002F5055042F259
:10704000A03150505018C2F86022CCF83000704780
:1070500070B5B0F802E081680023BEF1000F0B604C
:107060003DD0416806880331AEF1010221F00303EF
:10707000032A0EF0030C1AD32EF0030281689D1927
:107080000C68043A1C600B6081680C689C510D60B0
:10709000816805EB06040B68AB510C60816804EB5A
:1070A00006050B68A35105EB06030D60E6D1BCF1A4
:1070B000000F14D08168BCF1010F0A681A600B60E0
:1070C0000DD081689A190D68BCF1020F9D510A60BC
:1070D00008BF70BD8068931901689151036070BD4D
:1070E000B0B50D2824D242F65851C0F6010151F82E
:1070F000204003F041F9A16805460C689CB1206866
:10710000A20708600FD042F6A05043F2411143F2AB
:10711000DF03C0F60100C0F60101C0F6010340F232
:1071200019120BF0B9FB284603F050F92046B0BD08
:1071300042F6A05043F2DF03C0F6010004A1C0F6FE
:10714000010340F257120BF0A7FB0020B0BD00BFB7
:107150006D656D705F6D616C6C6F633A20747970F2
:1071600065203C204D454D505F4D415800000000CA
:10717000B0B5F8B1044603F0FFF8A16805460C6805
:107180009CB12068A20708600FD042F6A05043F2DD
:10719000411143F2DF03C0F60100C0F60101C0F661
:1071A000010340F219120BF077FB284603F00EF9A9
:1071B0002046B0BD42F6A05043F20F1143F2DF0368
:1071C000C0F60100C0F60101C0F601034FF49E7243
:1071D0000BF062FB0020B0BD002808BF704710B55F
:1071E0000446006820B101F0F9FE0020C4E9000067
:1071F00006202146BDE81040FFF7ECBC80B548B141
:107200004168096891B10A684160B2FA82F04009A8
:1072100040B280BD42F6A05042F66273C0F6010053
:1072200004A1C0F60103E0220BF036FBFF2040B2C0
:1072300080BD00BF6E65746275665F6E6578743A76
:1072400020696E76616C69642062756600000000DA
:10725000F0B583B081B10C46054600270F60B8B188
:1072600003F08AF82E7A2F7203F0B0F88DF80B60D5
:1072700006B370B203B0F0BD42F6A05042F6C85358
:10728000C0F6010030A1C0F6010340F2E1120AE0AD
:1072900042F6A05042F6C853C0F6010022A1C0F643
:1072A000010340F2E3120BF0F7FAF02670B203B0DC
:1072B000F0BD00BF05F11406304603F0E7F858B101
:1072C000287FC10708D101A9800709D430460022D0
:1072D00003F024F809E000BFF12670B203B0F0BD5E
:1072E000304603F03DF801301AD06B6A1BB12846D6
:1072F00001210022984701980DF10B01FFF736F8A4
:1073000020B19DF80B6070B203B0F0BD0198002869
:107310001ABF20600026F12670B203B0F0BD00BF96
:10732000F92670B203B0F0BD6E6574636F6E6E5F68
:107330006163636570743A20696E76616C6964207C
:10734000636F6E6E000000006E6574636F6E6E5F3B
:107350006163636570743A20696E76616C6964205C
:10736000706F696E74657200F0B581B006460720D3
:107370000D46FFF7B5FE044600284FF000001BD075
:1073800006F0F001102920722670606001D02029DB
:1073900016D104F110063046062103F053F8E0B987
:1073A00004F10C000021002703F094F8F0B13046FE
:1073B00003F03EF811E000BF0024204601B0F0BD0C
:1073C00042F6A05042F6D963C0F601000EA1C0F605
:1073D000010340F2E5220BF05FFA07202146FFF798
:1073E000F9FB0024204601B0F0BD00BF04F11400F9
:1073F00003F038F84FF0FF306770A061C4E90875FA
:107400002777204601B0F0BD6E6574636F6E6E5FC6
:10741000616C6C6F633A20756E646566696E656455
:10742000206E6574636F6E6E5F7479706500000026
:1074300080B588B0D0B142F69443C0F6010300296C
:1074400018BF0B460090ADF80C2000F10C0245F27D
:10745000C160C0F600006946029308F013FF0028DF
:1074600008BF9DF8040040B208B080BD42F6A050AD
:1074700042F6C853C0F6010005A1C0F601034FF45F
:107480009C720BF009FAF02040B208B080BD00BF3A
:107490006E6574636F6E6E5F62696E643A20696ECA
:1074A00076616C696420636F6E6E000080B588B091
:1074B000A0B1009042F6031100F10C0245F2F96010
:1074C000ADF80810C0F60000694608F0DBFE0028A1
:1074D00008BF9DF8040040B208B080BD42F6A0503D
:1074E00042F6FA5142F6C853C0F60100C0F6010157
:1074F000C0F6010340F247420BF0CEF9F02040B253
:1075000008B080BD10B588B0C0B1044600902920F5
:107510008DF8090045F6193004F10C02C0F60000A0
:10752000694608F0AFFE9DF80410002818BF014618
:10753000080607D048B208B010BD00BF002148B20D
:1075400008B010BD204600F091F8002148B208B004
:1075500010BD00002DE9F04782B000F1100504468F
:10756000284602F093FF88B301A9284602F0F8FEEE
:10757000013025D042F68D5742F68C5842F68E598E
:10758000C0F60107C0F60108C0F6010901AE07E028
:10759000FFF722FE2846314602F0E2FE01300FD00E
:1075A000207800F0F00101981029F1D1B84218BFFD
:1075B0004045EFD04845EDD001F010FDEAE700BFAF
:1075C000284602F035FF284602F04CFF14342046CE
:1075D00002F05CFFC0B301A9204602F0C1FE0130F9
:1075E0002CD042F68D5742F68C5842F68E59C0F692
:1075F000010701ADC0F60108C0F601094FF0000A0D
:1076000009E000BF304600F031F82046294602F07C
:10761000A7FE013012D0019EBE4218BF4645F4D0ED
:107620004E45F2D03046FFF795FF70680028E9D04C
:1076300003F00CFAC6F804A0E4E700BF204602F00D
:10764000F7FE204602F00EFF02B0BDE8F087000012
:1076500070B54FF0000538B1044602F08DFE267A71
:10766000257202F0B3FE354668B270BDB0B504466F
:10767000406860B142F6A05042F6D963C0F60100FE
:107680001DA1C0F601034FF447720BF005F904F198
:10769000100002F0FBFE60B142F6A05042F6D96342
:1076A000C0F6010020A1C0F601034FF449720BF0AF
:1076B000F3F804F1140002F0E9FE78B142F6A050AC
:1076C00042F6267142F6D963C0F60100C0F6010108
:1076D000C0F6010340F227320BF0DEF804F10C058E
:1076E000284602F0F3FE284602F00CFF0720214650
:1076F000BDE8B040FFF76EBA504342206D75737419
:10770000206265206465616C6C6F636174656420E0
:107710006F75747369646520746869732066756E2B
:107720006374696F6E000000726563766D626F78D6
:10773000206D757374206265206465616C6C6F6385
:1077400061746564206265666F72652063616C6C4C
:10775000696E6720746869732066756E6374696FFB
:107760006E00000080B588B080B1009000F10C027E
:1077700045F68540C0F60000694608F083FD002804
:1077800008BF9DF8040040B208B080BD42F6A0508A
:1077900042F6C853C0F6010005A1C0F6010340F24D
:1077A000BB120BF079F8F02040B208B080BD00BFEA
:1077B0006E6574636F6E6E5F6C697374656E3A208C
:1077C000696E76616C696420636F6E6E0000000004
:1077D00070B588B00D461146FFF7C6FD002861D090
:1077E00004468DF80850009000F10C0545F66950EC
:1077F000C0F6000069462A4608F044FD9DF80410D2
:10780000C0B208434BD0606858B142F6A05042F66F
:10781000C853C0F6010025A1C0F60103A3220BF056
:107820003BF804F11006304602F030FE58B942F63B
:10783000A05042F6C853C0F6010025A1C0F60103CE
:10784000A4220BF029F804F1140002F01FFE58B135
:1078500042F6A05042F6C853C0F6010022A1C0F67D
:107860000103A6220BF018F8284602F053FE58B97F
:1078700042F6A05042F6C853C0F6010023A1C0F65C
:107880000103A9220BF008F8284602F01FFE30463B
:1078900002F0CEFD07202146FFF79CF90024204688
:1078A00008B070BD0024204608B070BD66726565E2
:1078B000696E6720636F6E6E20776974686F757488
:1078C0002066726565696E67207063620000000063
:1078D000636F6E6E20686173206E6F2072656376D1
:1078E0006D626F7800000000636F6E6E2D3E616305
:1078F000636570746D626F782073686F756C646E09
:10790000277420657869737400000000636F6E6EE1
:1079100020686173206E6F206F705F636F6D706C95
:10792000657465640000000070B582B0F1B1064670
:107930000C46002008604EB3307800F0F0001028AC
:1079400036D1002001900620FFF7CAFBC0B30546E0
:1079500001A93046002200F00BF9A8B30646062024
:107960002946FFF737F970B202B070BD42F6A05059
:1079700042F63A6142F6C853C0F60100C0F6010172
:10798000C0F6010340F263320BE000BF42F6A050A4
:1079900042F6C853C0F601001BA1C0F6010340F235
:1079A00065320AF079FFF02670B202B070BD00BFF8
:1079B00030462146002202B0BDE8704000F032B8E7
:1079C000FF2670B202B070BD019868B942F6A050AF
:1079D00042F6C853C0F6010008A1C0F6010340F208
:1079E00079320AF059FF01982860019800266860F2
:1079F000AE81AE60256070B202B070BD7020213DD6
:107A0000204E554C4C0000006E6574636F6E6E5FC7
:107A1000726563763A20696E76616C696420636F83
:107A20006E6E0000F0B583B004460020029069B38A
:107A300004F110060860304617460D4602F026FD98
:107A4000C0B3780706D4207F10F0020108BF10F001
:107A5000010053D002A9304602F082FC013039D037
:107A6000207800F0F000102855D102980DF10701A0
:107A7000FEF77CFC00286FD09DF80700B0F1F105FF
:107A800018BF054668B203B0F0BD00BF42F6A05073
:107A900042F63A6142F6C853C0F60100C0F6010151
:107AA000C0F601034FF412720AF0F6FEF02568B238
:107AB00003B0F0BD002C4BD002F05EFC257A002113
:107AC000217202F083FC280608BFF52568B203B0D6
:107AD000F0BD00BF02F050FC257A0021217202F0B7
:107AE00075FC002DCED1207F6FF00A05C00708BFBE
:107AF0006FF0060568B203B0F0BD00BF207A002821
:107B0000A8D102A93046002202F008FC207800F03B
:107B1000F0001028A9D0029868B942F6A05042F6A9
:107B2000C853C0F601000FA1C0F6010340F2912234
:107B30000AF0B2FE029801680A89636A1BB1204606
:107B40000121984702982860002568B203B0F0BD73
:107B5000F52568B203B0F0BD02980289636A002B74
:107B6000EDD1F0E762756620213D204E554C4C006A
:107B7000F0B591B00446103015460F4602F086FC71
:107B800070B194F91C00B0F1FF3F0DDD204639467D
:107B90002A46FFF747FF064620B370B211B0F0BD8A
:107BA000F52670B211B0F0BD00F07F002077636A57
:107BB0001BB12046012100229847606870B342F64D
:107BC0000110ADF82C0045F2F96004F10C02C0F68A
:107BD000000009A9099408F055FBF12670B211B014
:107BE000F0BD00BF3E68280713D4002E14BF3089B3
:107BF0000120217801F0F00110291DD1039045F6F4
:107C0000196004F10C02C0F6000001A9019408F00B
:107C100039FB1EB3002670B211B0F0BD02F0ACFB10
:107C2000267A0021217202F0D1FB002E08BF6FF0EE
:107C30000D0670B211B0F0BD42F6A05042F61661CA
:107C400042F6C853C0F60100C0F60101C0F60103B8
:107C50004FF42A720AF020FE002EDBD1E806A6D5EA
:107C6000207FF92640F08000207770B211B0F0BD7F
:107C700080B584B0DDF818C0CDE9021202A9012256
:107C8000CDF800C000F002F804B080BD2DE9F04747
:107C900088B0C8B1077807F0F007102F26D1077F0A
:107CA000DDF8408007F0020703F00406B8F1000F8A
:107CB00007EB06092CD1B9F1000F29D0FA2040B208
:107CC00008B0BDE8F08700BF42F6A05042F6C853A6
:107CD000C0F601005BA1C0F6010340F2EE320AF0EB
:107CE000DBFDF02040B208B0BDE8F08742F6A050BE
:107CF00042F6C853C0F6010040A1C0F6010340F2AD
:107D0000EF320AF0C9FDFA2040B208B0BDE8F087B2
:107D100092B3C2F1000CA2F1010E4FF0000A002450
:107D200001EBCA077D68641920D2D64512D0FE68DF
:107D3000A4191BD20CEB0A06B51C0BD07D69641983
:107D400014D2F51C06D0FD6964190FD20AF1040A99
:107D50005245E5D184B1B4F1FF3F2746D8BF6FF05B
:107D60000047B8F1000F0DD1002C0BD5FA2040B21E
:107D700008B0BDE8F08700BF002040B208B0BDE801
:107D8000F08700BF00900291ADF80C20002100F1B7
:107D90000C0245F655600491CDE90571C0F600006E
:107DA00069468DF81C3008F06DFA00287FF487AF23
:107DB0009DF8040000287FF482AF0699B8F1000F07
:107DC00018BFC8F80010B9F1000F4FF000007FF4A1
:107DD00076AFB9423FF473AF42F6A05042F6C853B3
:107DE000C0F601000EA1C0F601034FF486620AF04E
:107DF00053FD002040B208B0BDE8F0876E657463A3
:107E00006F6E6E5F77726974653A20696E76616C29
:107E1000696420636F6E6E2D3E747970650000009A
:107E2000646F5F7772697465206661696C65642050
:107E3000746F20777269746520616C6C206279744C
:107E4000657300006E6574636F6E6E5F7772697440
:107E5000653A20696E76616C696420636F6E6E00AE
:107E60002DE9F04F81B0A8B30B9E002E3ED00A9FA3
:107E700042F69445002940F2AC290446C0F60105BB
:107E800008BF2946002A48F29900C2F20009DDF82D
:107E900030C008BF2A46002B08BF2B46C0F60000A2
:107EA000276299F80070002560612046A58484F857
:107EB0002D50E56184F83070C4E90155C4E9035CD4
:107EC00000F0EEF82046B04710B3284601B0BDE8F8
:107ED000F08F00BF42F6A05043F26413C0F60100D9
:107EE0004FA1C0F6010340F227120AE042F6A0506B
:107EF00043F26413C0F6010040A1C0F601034FF441
:107F000094720AF0C9FC0025284601B0BDE8F08F44
:107F100094F8300042F6A05B43F26417C0F6010B00
:107F20000FF29408C0F601070FF2A00AC1B2FF29B0
:107F300004BF002084F83000D9F8046066B300253F
:107F4000A64209D0FF2D10D296F8301094F83000D8
:107F5000814217D11CE000BF5846414640F28B12C7
:107F60003B460AF099FCFF2DEED35846514640F2AD
:107F70008D123B460AF090FC96F8301094F83000D1
:107F8000814205D036680135002ED9D104E000BF0A
:107F9000481C84F83000C9E7C1B2FE3918BF411C43
:107FA000D9F80400254689F800102060C9F804407B
:107FB000284601B0BDE8F08F6E6574696620616C7B
:107FC000726561647920616464656400746F6F2018
:107FD0006D616E79206E65746966732C206D6178B1
:107FE0002E20737570706F72746564206E756D628B
:107FF0006572206973203235350000006E65746942
:10800000665F6164643A204E6F20696E6974206611
:10801000756E6374696F6E20676976656E00000027
:108020006E657469665F6164643A20696E76616C3E
:108030006964206E657469660000000040B3014603
:1080400040F2AC20C2F20000043000BF0068F8B17A
:1080500090F830200132D2B28A4218D00068B8B10C
:1080600090F830200132D2B28A4210D0006878B144
:1080700090F830200132D2B28A4208BF70470068BF
:1080800030B190F830200132D2B28A42DED170474E
:1080900000207047704700006FF00B007047000031
:1080A0002DE9F04784B00D46174642F69441002D65
:1080B000C0F6010108BF0D46002A08BF0F462A6816
:1080C0001E46002B08BF0E4604466AB33868A168F6
:1080D000814218BFA0603068E1682646814218BF1F
:1080E000E060286856F8041F884219D001AF0DF1EE
:1080F0000C08039001913846414604F06FFB384666
:10810000414608F00FFC94F82D00296800F00502A4
:10811000052A616004D1002918BF10F0080035D18C
:1081200004B0BDE8F08700BFA04658F8040FF8B1CE
:1081300000210DF104090DF1080ACDE901014846BD
:10814000514604F04BFB4846514608F0EBFB94F8CF
:108150002D00296800F00502052A616008D1002978
:1081600018BF10F0080003D020464146FBF71CFE64
:108170003868A168814218BFA0603068E168814218
:10818000CED0E06004B0BDE8F08700BF20463146A5
:10819000FBF70AFE04B0BDE8F087000040F2AC2116
:1081A000C2F200018860704770B190F82D10CA07C4
:1081B00008BF704701F0FE02090780F82D2048BF74
:1081C000FAF766BD704700BF42F6A05043F2641351
:1081D000C0F6010003A1C0F6010340F29B320AF091
:1081E0005BBB00BF6E657469665F7365745F646FC7
:1081F000776E3A20696E76616C6964206E65746989
:1082000066000000002818BFC161704760B190F897
:108210002D104A0758BF7047C26901F0FB0180F872
:108220002D107AB1104700BF42F6A05043F26413FC
:10823000C0F6010004A1C0F6010340F206420AF0B4
:108240002BBB00BF704700BF6E657469665F7365C6
:10825000745F6C696E6B5F646F776E3A20696E76DF
:10826000616C6964206E65746966000010B5D8B1F0
:10827000044690F82D00410748BF10BD40F00400AF
:1082800000F00501052984F82D0007D1214651F899
:10829000042F002A18BF10F0080015D1E169C9B1F8
:1082A0002046BDE81040084742F6A05043F2641350
:1082B000C0F6010008A1C0F601034FF47872BDE8D2
:1082C00010400AF0E9BA00BF2046FBF76DFDE169F6
:1082D0000029E5D110BD00BF6E657469665F7365E6
:1082E000745F6C696E6B5F75703A20696E76616C55
:1082F0006964206E6574696600000000B0B190F892
:108300002D10CA0718BF704741F0010202F00501A5
:10831000052980F82D2008D1014651F8043F002B93
:108320001CBF12F00802FBF73FBD704742F6A05099
:1083300043F26413C0F6010003A1C0F601034FF439
:1083400054720AF0A9BA00BF6E657469665F7365FE
:10835000745F75703A20696E76616C6964206E6531
:1083600074696600EFF3058100291CBF6FF00500FA
:108370007047002804BF0020704780B508F056FE03
:10838000002080BDEFF30580002808BF0AF056B832
:108390000AF05AB8EFF3058000281CBF6FF0050003
:1083A000704740F28040C2F200000168002911BF0E
:1083B0004FF0FF30012101600020704710B5EFF34E
:1083C000058000281CBF6FF0050010BD40F2804002
:1083D000C2F20000016801291CBF4FF0FF3010BD40
:1083E0004EF61F51CEF2000100240C7002210160F4
:1083F00008F038FF204610BD10B5EFF305810029C5
:108400001CBF6FF0050010BD044638B1204608F0CF
:1084100083FD204608F02CFD002010BD6FF0030006
:1084200010BD000010B582B01C46B0FA80F3B1FA5E
:1084300081F25B095209EFF3058CBCF1000F42EAAF
:10844000030219D0002C18BF0124224315D10022A9
:10845000019201AA09F09AFD01281BD10198B0B13F
:108460004EF60450CEF200004FF080510160BFF391
:108470004F8FBFF36F8F0AE022B16FF0030002B09D
:1084800010BD00BF224609F0AFFC012806D1002034
:1084900002B010BD6FF0020002B010BD6FF001001D
:1084A000002C08BF6FF0020002B010BD002804BF0E
:1084B00000207047EFF30581002918BF08F00CBBBE
:1084C00008F0F6BA70B582B0154600294FF00004E6
:1084D000EFF3058218BF002802D1204602B070BD1C
:1084E000002AFAD1B5B1D5E902321BB3502A26D3FE
:1084F0002A6922B36E6901FB00F4A6424FF0000422
:10850000EBD3009409F0B8F906460028E5D02C68B2
:1085100007E000BF0022002409F06AF9064600289F
:10852000DBD03046214608F04BFC3446204602B0F2
:1085300070BD00BF1AB92A690AB96A6922B100245C
:10854000204602B070BD00BF0022002409F050F99F
:1085500006460028DBD1C0E7B0B582B01C46B0FAB1
:1085600080F3B1FA81F5EFF305825B096D09002A0A
:1085700043EA05020AD0002C18BF012422430BD085
:108580006FF00305284602B0B0BD00BFF2B16FF036
:108590000305284602B0B0BD0022019201AA0023C3
:1085A00009F0F0FA012821D1019828B34EF60450C1
:1085B000CEF200004FF080510160BFF34F8FBFF348
:1085C0006F8F0025284602B0B0BD00BF22460023B1
:1085D000002509F0C1F90128D4D06FF00105002C65
:1085E00008BF6FF00205284602B0B0BD6FF002056B
:1085F000284602B0B0BD00BF0025284602B0B0BD7D
:1086000010B50C46EFF3058100291CBF6FF0050083
:1086100010BD014620F0010050B111F001010BD155
:10862000214609F025FD012804BF002010BD0AE005
:108630006FF0030010BD00BF214609F007FE0128BE
:1086400004BF002010BD6FF00100002C08BF6FF0C8
:10865000020010BD70B5EFF3058109B1002070BDB7
:10866000044690B160680107F8D4D4E9021200F022
:10867000010039B1502AF1D3E0B9012009F066F8C0
:1086800006E000BF002AE9D1C0B9012009F026F8B0
:1086900005460026002DE1D0002C14BF21680021E2
:1086A000284608F08DFB002E18BF45F0010528462E
:1086B00070BD00BF042009F049F802E0042009F071
:1086C0000DF805460126002DE6D1C7E780B5EFF38A
:1086D000058100291CBF6FF0050080BD014620F018
:1086E000010068B111F001010ED100210022002328
:1086F00009F032F9013818BF6FF0020080BD00BFE9
:108700006FF0030080BD00BF09F04CFB013818BFBB
:108710006FF0020080BD000010B582B020B10C46A1
:10872000EFF3058121B18CB16FF0030002B010BDF1
:10873000214609F09DFC01281DD06FF00100002C9E
:1087400008BF6FF0020002B010BD00BF0021019110
:1087500001AA002109F01AFC01280FD1019850B19B
:108760004EF60450CEF200004FF080510160BFF38E
:108770004F8FBFF36F8F002002B010BD6FF002006B
:1087800002B010BD10B5EFF3058100291CBF6FF0DA
:10879000050010BD044638B1204608F0BDFB204658
:1087A00008F066FB002010BD6FF0030010BD000054
:1087B00070B582B00E4686424FF00005EFF305819A
:1087C00016D8A8B1A1B91446B2B1D4E902216AB150
:1087D0004F2945D9A368012832D103250120002162
:1087E0000022009509F048F80DE000BF21B10025F6
:1087F000284602B070BD00BF01280BD10120002126
:10880000032208F0F5FF0546002E18BF002D07D102
:10881000E5B925E0314608F0DDFE0546B5B91FE0B3
:10882000284600210022002309F096F801280DD0E7
:10883000284608F01DFB0025284602B070BD00BF89
:1088400031461A4608F0E8FE05464DB1002C14BF2B
:1088500021680021284608F0B3FA284602B070BD0E
:108860000025284602B070BD80B582B0D0B1EFF3CC
:108870000581D9B10021019101A909F02FFA012840
:1088800020D1019850B14EF60450CEF200004FF0C6
:1088900080510160BFF34F8FBFF36F8F002002B094
:1088A00080BD00BF6FF0030002B080BD0021002238
:1088B000002309F051F8013818BF6FF0020002B030
:1088C00080BD00BF6FF0020002B080BD2DE9F04115
:1088D00084B08E4600240394EFF3058150B149B96A
:1088E0004FF0000452B19369002B08BF1823382BB6
:1088F00016D90024204604B0BDE8F0818025182355
:10890000002103AF0093AAB27346019709F014FD4A
:108910000399012808BF0C46204604B0BDE8F08149
:108920001179C90724D15769D2E902864FEA970C19
:108930001168002F654608BF8025B8F1000F13D0DD
:108940005C2E15D312690024002A18BF002FD1D045
:10895000CDE9003262467346CDF8088009F01CFD6F
:1089600004B0BDE8F08100BF16B91269002AC8D072
:108970000024204604B0BDE8F081000080B5B8B105
:108980000022B2EB114F23D121B302890A4493B2E2
:108990008B420BD390F90C30B3F1FF3F06DC4368F8
:1089A000A3EB010C00F110039C4515D2012080BD02
:1089B00042F6A05043F2212143F23B23C0F60100CE
:1089C000C0F60101C0F6010340F2DF1209F064FFB6
:1089D000012080BD002080BD4389C0F804C0194437
:1089E00041810281002080BD2DE9F04381B0154610
:1089F0000C46B2F5C17F2FDA012D02D0412D40F097
:108A0000898025F0400001280FD042F6A05043F2A3
:108A10007C2143F23B23C0F60100C0F60101C0F601
:108A200001034FF4A57209F037FF0B20FEF758FB46
:108A3000014600284FF0000069D04FF48072C1E970
:108A400000000C814C810D73A1F80D20C8730846FD
:108A500001B0BDE8F08300BF06462BD0B5F5207FFE
:108A600058D1E01C20F00302B01803304FF6FC711F
:108A7000014091424FF0000049D3103189B28A423F
:108A800045D80846FDF770FE014600284FF000006B
:108A90003DD08A19133222F00302C1E9000280207E
:108AA000C0F201000C814C81C860084601B0BDE8ED
:108AB000F08300BF40F282094FF00008C0F20109C4
:108AC000002700250C20FEF70BFBA8B30146F01C85
:108AD00000F4FE70C0F51472A0B2904238BF024696
:108AE00011FA86F0133020F00300C1E900800C81F8
:108AF000002D0846A4EB02044A81C1F80C901CBF6B
:108B000039602846002622040F460546DAD101B016
:108B1000BDE8F08342F6A05043F23B23C0F60100CB
:108B200016A1C0F6010340F2271209F0B5FE00209D
:108B300001B0BDE8F08300BF01F01EFC48F248140C
:108B4000C2F2000426780121217001F03FFC6EB9C9
:108B500049F24510C0F600000021002607F082FC13
:108B600020B101F009FC267001F030FC15B1284657
:108B700000F034FA002001B0BDE8F0837062756641
:108B80005F616C6C6F633A206572726F6E656F75B2
:108B9000732074797065000080B50330DDF80CE057
:108BA00020F0030C0CEB010070454FF0000088BF73
:108BB00080BDDDF808E0BEF1000F18BFE644C3E950
:108BC000000E198159814FF48171D87318461A73B8
:108BD000A3F80D1080BD0000B0B508B30C46F9B184
:108BE0000546006878B300BF29892289114429818C
:108BF00005683DB30289238929681A44028111B3AB
:108C000028892289104428810D68002D42D00A89C4
:108C1000238928681A4400280A81E5D113E000BF9F
:108C200042F6A05043F2BF1143F23B23C0F60100CD
:108C3000C0F60101C0F6010340F25A32BDE8B0406F
:108C400009F02ABE054628896989884227D042F65C
:108C5000A05043F2F41143F23B23C0F60100C0F6EA
:108C60000101C0F6010340F2623209F015FE2868E6
:108C7000A8B142F6A05043F22B2143F23B23C0F6A9
:108C80000100C0F60101C0F6010340F2633209F0B1
:108C900003FE04E00D46288969898842D7D12889D6
:108CA00021892C6008442881B0BD0000002148B112
:108CB000006848B1006858B1006868B100680431C4
:108CC0000028F5D188B2704741F0010188B27047A1
:108CD00041F0020188B2704741F0030188B2704749
:108CE000B0B515460A462989FFF77EFE0446A0B1B5
:108CF0002046294600F014F878B142F6A05043F21D
:108D00006B2143F23B23C0F60100C0F60101C0F61F
:108D1000010340F2245209F0BFFD2046B0BD00001F
:108D20002DE9F04F81B030B10D4621B104460089E4
:108D30002989884212D242F6A05043F23B23C0F662
:108D400001005CA1C0F6010340F2CA3209F0A4FDA3
:108D5000F02040B201B0BDE8F08F00BF42F6A05A4B
:108D600043F23B2B0027C0F6010AC0F6010B0FF2BD
:108D700018194FF0000801E0002D51D06089698971
:108D8000C01BA1EB0806B04238BF064660686968A0
:108D9000384441443246F7F769FA608937448742DC
:108DA00006D9504632A140F2D9325B4609F074FD33
:108DB0006889B044804507D95046494640F2DA32C6
:108DC0005B4609F069FD6889804524BF2D684FF036
:108DD00000086089874203D12468002704B92DBBAD
:108DE0002DB168892989884201D1286850BB002C9F
:108DF000C2D0608921898842BED120680028BBD0BA
:108E000042F6A05043F2951143F23B23C0F6010015
:108E1000C0F60101C0F6010340F2EF3220E000BFCE
:108E2000002040B201B0BDE8F08F00BF42F6A05074
:108E300043F23B23C0F601001AA1C0F601034FF430
:108E4000797283E742F6A05043F2951143F23B2337
:108E5000C0F60100C0F60101C0F6010340F2EA329B
:108E600009F01AFDFA2040B201B0BDE8F08F00BF52
:108E70006F66667365745F746F203C3D20705F742D
:108E80006F2D3E6C656E00006F66667365745F667D
:108E9000726F6D203C3D20705F66726F6D2D3E6C71
:108EA000656E0000705F746F20213D204E554C4C64
:108EB00000000000706275665F636F70793A20741D
:108EC0006172676574206E6F742062696720656ED9
:108ED0006F75676820746F20686F6C6420736F759E
:108EE000726365002DE9F04381B068B38846B9B379
:108EF0001446002A48D005464FF00009002615E028
:108F0000C01A80B2A7B2B84238BF0746696818FADB
:108F100086F011FA83F13A46F7F7A8F9B9443E44CE
:108F2000E41B002320040AD02D6845B16889190488
:108F3000E6D099B28142E3D31B1A2004F4D11FFA80
:108F400089F001B0BDE8F08342F6A05043F23B2324
:108F5000C0F6010019A1C0F6010340F20A420AE07E
:108F600042F6A05043F23B23C0F601000AA1C0F62E
:108F7000010340F20B4209F08FFC4FF000091FFA89
:108F800089F001B0BDE8F0834FF000091FFA89F0C5
:108F900001B0BDE8F08300BF706275665F636F70FB
:108FA000795F7061727469616C3A20696E76616C88
:108FB0006964206461746170747200007062756627
:108FC0005F636F70795F7061727469616C3A206978
:108FD0006E76616C69642062756600002DE9F04F61
:108FE00081B0002858D042F6A05B43F23B260546EC
:108FF0000024C0F6010B0FF2CC0AC0F601060FF2F6
:10900000DC0907E0396959B338468847002D04F177
:10901000010452D02F4601F0AFF9A97B054639B9BA
:109020005846514640F2F122334609F035FCB97BEF
:10903000A1F10108284687F80E8001F0C7F95FEA20
:1090400008603AD1787B3D688007DBD4387B10F02C
:109050000F000FD0012811D0022815D10C200EE0EE
:109060005846494640F2FF22334609F015FC39695B
:10907000CAE700BF3846FDF7E1F9C7E70B203946DC
:10908000FDF7A8FDC2E700BF58461DA140F20F3210
:10909000334609F001FCB9E742F6A05043F2212122
:1090A00043F23B23C0F60100C0F60101C0F6010304
:1090B0004FF4377209F0F0FB0024E0B201B0BDE8D4
:1090C000F08F00BF706275665F667265653A2070EA
:1090D0002D3E726566203E203000000070632D3EFC
:1090E000637573746F6D5F667265655F66756E63D9
:1090F00074696F6E20213D204E554C4C00000000DD
:10910000696E76616C69642070627566207479702E
:109110006500000080B5014642F6F840C0F6010047
:10912000FDF7A0FD40F2A801C2F200010878012875
:1091300018BF80BD486800220A70BDE88040FFF774
:1091400093BB000080B501F017F948F24811C2F254
:10915000000100220A7001F039F940F23430C2F205
:109160000000006890B1416F91B9C06870B1416F63
:1091700071B9C06850B1416F51B9C068002808BFCB
:1091800080BD416F21B9C0680028ECD180BD00BF0F
:10919000BDE8804002F006BE012200F001B80000E8
:1091A00080B5B1F1FF3F0BDD40B3C9B3038903EBD9
:1091B000010C1FFA8CF38B4246D2012080BD00BF08
:1091C00080B349420022B2EB114F1CBF012080BD89
:1091D00042898A4242D242F6A05043F28E2143F2A3
:1091E0003B23C0F60100C0F60101C0F6010340F2C6
:1091F000552209F051FB012080BD00BF42F6A0506E
:1092000043F2212143F23B23C0F60100C0F60101E5
:10921000C0F6010340F2DF1209F03EFB012080BDE1
:10922000002080BD42F6A05043F2212143F23B23AF
:10923000C0F60100C0F60101C0F6010340F24B2266
:1092400009F02AFB012080BD90F90C30B3F1FF3FFB
:109250000EDD002AB1D04268521A11E04368521A5A
:109260000B44436003894281591A0181002080BD6B
:10927000426800F11003521A9A423CBF012080BD9F
:109280004389426019444181A0F808C0002080BD94
:109290002DE9F04705460C4660B942F6A05043F26E
:1092A0003B23C0F601002DA1C0F601034FF4CC72A0
:1092B00009F0F2FA2889A04298BFBDE8F0876F89CB
:1092C000A7421FD242F6A05843F23B2A261AC0F604
:1092D00001080FF2A009C0F6010A04E0E41B6F893F
:1092E000A0B2B8420ED92889304428812D68002DBB
:1092F000F4D14046494640F2AF12534609F0CCFA49
:10930000ECE700BF287B00071CD1A0B2B84219D0FF
:10931000687B800716D46868401B204481B22846C9
:10932000FDF768FB054668B942F6A05043F23B23BF
:10933000C0F6010015A1C0F6010340F2BD1209F00C
:10934000ABFA002528686C8100282C8118BFFFF734
:1093500045FE00202860BDE8F08700BF706275669A
:109360005F7265616C6C6F633A207020213D204E06
:10937000554C4C00706275665F7265616C6C6F6312
:109380003A207120213D204E554C4C006D656D5F9B
:109390007472696D2072657475726E6564207120D7
:1093A0003D3D204E554C4C00002808BF704710B57D
:1093B000044600F0E1FFA17B0131A17301F006F842
:1093C000A07BBDE8104008B1704700BF42F6A05036
:1093D00043F2AC2143F23B23C0F60100C0F6010189
:1093E000C0F6010340F2423209F056BA80B5D8B156
:1093F0000022B2EB114F1CBF012080BD31B3428966
:109400008A4225D242F6A05043F28E2143F23B23FA
:10941000C0F60100C0F60101C0F6010340F255227A
:1094200009F03AFA012080BD42F6A05043F2212112
:1094300043F23B23C0F60100C0F60101C0F6010370
:1094400040F24B2209F028FA012080BD002080BDA7
:109450004368521A0B44436003894281591A0181BF
:10946000002080BD10B5044670B1607804281ED07D
:10947000012803D120460121FCF774FD207FC1069D
:1094800023D4002010BD00BF42F6A05042F6CC61AC
:1094900042F6D963C0F60100C0F60101C0F601032F
:1094A0004FF4B57209F0F8F960780428E0D1206A29
:1094B00020B1417A00291CBF0139417220460121A7
:1094C000FCF794F9207FC106DBD561680029D8D06C
:1094D000B1F86420B2F5866FD3D3B1F866100429D1
:1094E000CFD8636A00F0EF00002B2077C9D0204668
:1094F000022100229847002010BD00002DE9F04114
:10950000044607F06DFB40F27C16C2F20006F068DC
:1095100048F23C250130F0603068C2F2000558B1D5
:109520003069002840F007813068E16AC06A8842EB
:1095300098BF3460FFE000BF3460F068012840F05D
:10954000FA80284607F0F2FA05F1140007F0EEFA67
:1095500005F1280007F0EAFA05F13C0007F0E6FA09
:1095600005F1500007F0E2FA05F1640007F0DEFAB9
:1095700005F1780007F0DAFA05F18C0007F0D6FA69
:1095800005F1A00007F0D2FA05F1B40007F0CEFA19
:1095900005F1C80007F0CAFA05F1DC0007F0C6FAC9
:1095A00005F1F00007F0C2FA05F5827007F0BEFA87
:1095B00005F58C7007F0BAFA05F5967007F0B6FA63
:1095C00005F5A07007F0B2FA05F5AA7007F0AEFA3B
:1095D00005F5B47007F0AAFA05F5BE7007F0A6FA13
:1095E00005F5C87007F0A2FA05F5D27007F09EFAEB
:1095F00005F5DC7007F09AFA05F5E67007F096FAC3
:1096000005F5F07007F092FA05F5FA7007F08EFA9A
:1096100005F5027007F08AFA05F5077007F086FA7B
:1096200005F50C7007F082FA05F5117007F07EFA67
:1096300005F5167007F07AFA05F51B7007F076FA53
:1096400005F5207007F072FA05F5257007F06EFA3F
:1096500005F52A7007F06AFA05F52F7007F066FA2B
:1096600005F5347007F062FA05F5397007F05EFA17
:1096700005F53E7007F05AFA05F5437007F056FA03
:1096800005F5487007F052FA05F54D7007F04EFAEF
:1096900005F5527007F04AFA05F5577007F046FADB
:1096A00005F55C7007F042FA05F5617007F03EFAC7
:1096B00005F5667007F03AFA05F56B7007F036FAB3
:1096C00005F5707007F032FA05F5757007F02EFA9F
:1096D00005F57A7007F02AFA05F57F7007F026FA8B
:1096E00005F5826007F022FA05F2244007F01EFA21
:1096F00005F5876007F01AFA05F24C4007F016FAF4
:1097000040F20038C2F20008404607F00FFA08F1B4
:109710001407384607F00AFA06F1640007F006FA63
:1097200006F13C0007F002FA06F1500007F0FEF9DE
:10973000C6F81C8037627068716A421CE06A726009
:109740008842626488BF706200EB800005EB800095
:10975000211D07F02DFA07F067FA306988B13068EB
:10976000E16AC06A884228BFBDE8F0814EF6045025
:10977000CEF200004FF080510160BFF34F8FBFF376
:109780006F8FBDE8F081000040F27C1548F23C2666
:109790004EF60458C2F20005C2F20006CEF20008EE
:1097A0004FF0805703E000BF204607F055FAA86845
:1097B000D0B107F015FAA86CC468201D07F066F94F
:1097C000E8680138E860A8680138A86007F02CFA5A
:1097D00094F859000228EAD00128E5D070B9206B2E
:1097E00007F03AFAE0E700BF30680228DFD3C8F894
:1097F0000070BFF34F8FBFF36F8FD8E74FF050006B
:1098000080F31188BFF36F8FBFF34F8FFEE7000027
:109810002DE9F0470A9C8246206B16460F46DDE98B
:1098200008599100A5229846F6F740FD206B002FBD
:1098300000EB8600A0F1040020F0070656D038782F
:1098400084F83400387800284BD0787884F83500D4
:109850007878002845D0B87884F83600B8780028A1
:109860003FD0F87884F83700F878D0B3387984F8A6
:1098700038003879A8B3787984F83900787980B3DA
:10988000B87984F83A00B87958B3F87984F83B008D
:10989000F87930B3387A84F83C00387A08B3787AAB
:1098A00084F83D00787AE0B1B87A84F83E00B87A5E
:1098B000B8B1F87A84F83F00F87A90B1387B84F830
:1098C0004000387B68B1787B84F84100787B40B1F8
:1098D000B87B84F84200B87B00281CBFF87B84F872
:1098E0004300002084F8430003E000BF002084F818
:1098F00034000027201D372D28BF3725E562C4E935
:10990000135707F01FF904F1180007F01BF9C5F110
:109910003800A06130465146424624616462676562
:1099200084F8587000F04CFBB9F1000F206018BFAC
:10993000C9F80040BDE8F08708480068006880F377
:1099400008884FF0000080F3148862B661B6BFF358
:109950004F8FBFF36F8F00DF00BF000008ED00E006
:1099600081B00020009040F23000C2F20000006898
:109970004FF0500181F31188BFF36F8FBFF34F8F0A
:10998000013007D0FEE700BF009830B9009820B939
:10999000009810B900980028F6D001B07047000078
:1099A00088B040F2F41AC2F2000A0DF11009EB4639
:1099B000DAF8080005681DB1C068046801E000BF5E
:1099C000002407F0C7FC08F039FDDAF8101006464D
:1099D000884220D3002DCAF8106051D0A6424FD340
:1099E00008F088FEDAF80800C068C7683D1D284600
:1099F00007F04CF897F82800410745D400F0FE0026
:109A000087F8280084E000BF6860DAF8080039466B
:109A10002D6107F09BF8DAF80800016831B3C068DF
:109A2000C56804682F1D384607F030F8296A2846B3
:109A3000884795F828004007EDD5A8692044A04242
:109A4000E2D8DAF80000002800F04881002004A9DC
:109A500031C108F0E3FCDAF8000049460022002397
:109A600007F07AFF0028D6D138E100BFDAF80C10F1
:109A7000CAF81060CAE9021008F03CFE1AE100BF03
:109A800065B1002210E000BFB8693F610119B14221
:109A900079601FD90AF1080021E000BFDAF80C0054
:109AA0000068B0FA80F04209DAF80000A11B07F064
:109AB00093FA08F01FFE002840F0FC804EF6045098
:109AC000CEF200004FF080510160BFF34F8FBFF323
:109AD0006F8FEFE0311B814206D20AF10C00006863
:109AE000294607F033F813E0DAF80000002800F008
:109AF0001381002004A991C108F090FCDAF800005D
:109B000049460022002307F027FF002800F00481C7
:109B1000396A38468847CDE00098B0F1FF3F07DC4E
:109B2000DDE90120039990470098002800F1C280E8
:109B3000029E706910B1301D06F0A8FF08F07EFC8F
:109B4000DAF81010074688420DD30098CAF8107052
:109B500009283FD9AEE000BF6860DAF80800214666
:109B60002D6106F0F3FFDAF80800016841B3C06820
:109B7000C568D0F800802C1D204606F087FF296AB2
:109B80002846884795F828004007ECD5A869404446
:109B90004045E1D8DAF80000002800F09580002068
:109BA000CDE90408069508F039FCDAF800004946CA
:109BB0000022002307F0D0FE0028D4D184E000BFAB
:109BC000DAF80C10CAE902100098CAF810700928D7
:109BD00000F27080DFE800F00606064448620606E0
:109BE000444800BF96F82800019A40F00101B0698E
:109BF00086F828108318314641F8043FBB4236618D
:109C000006D997420AF1080007D293420AD204E02B
:109C1000BA1A824206D20AF10C00006806F096FFDA
:109C200048E000BF316A3046884796F82800400770
:109C300040D5DAF8000000285AD00198B16906969C
:109C400008440021CDE9041008F0E8FBDAF8000030
:109C500049460022002307F07FFE58BB48E000BFC2
:109C600096F8280022E000BF96F8280040F0010195
:109C7000019886F828100028B06143D03844314656
:109C80000AF10C0241F8040F3661B84288BF0AF1AC
:109C90000802106806F05AFF0CE000BF96F8280092
:109CA000810703D4304606F0D7FF03E000F0FE0042
:109CB00086F82800DAF800005946002208F094F8E7
:109CC00000287FF429AF73E64FF0500080F311882D
:109CD000BFF36F8FBFF34F8FFEE700BF4FF0500011
:109CE00080F31188BFF36F8FBFF34F8FFEE700BF84
:109CF0004FF0500080F31188BFF36F8FBFF34F8F89
:109D0000FEE700BF4FF0500080F31188BFF36F8F64
:109D1000BFF34F8FFEE700BF4FF0500080F3118874
:109D2000BFF36F8FBFF34F8FFEE70000F0B581B038
:109D3000044606F055FF94F94560012E0FDB04F14F
:109D4000240500BF286850B1284608F099FC002877
:109D500018BF07F0B5F9F0B2013E0128F2D8FF268E
:109D600084F8456006F060FF06F03AFF94F944700D
:109D7000012F0EDB04F11005286850B1284608F0C9
:109D80007FFC002818BF07F09BF9F8B2013F0128BB
:109D9000F2D884F8446001B0BDE8F04006F044BF5A
:109DA00070B5044607F0D6FA40F2302CC2F2000C2F
:109DB000DCF8040050B19CF80000002818BF4FF0F8
:109DC00000404FF000056CBB8BE000BF4AF6787096
:109DD000C2F20000C21D22F0070210F00701A0EB42
:109DE000020318BF1046002246F21035CCE90602E5
:109DF000002918BF1D44411921F00701A1F10803F2
:109E0000CCF8043041E90222191AC0E900310120DE
:109E10008CF800004FF00040CCE90211002C4FF00C
:109E200000055ED020405CD124F0070000F1100254
:109E3000600708BF04F10802002A4FF0000550D067
:109E4000DCF8080082424CD8604650F818EFDEF883
:109E5000045095422BD2DEF80010B9B174464D681B
:109E6000954217D20B68ABB15D68954216D218685F
:109E7000A0B14568954215D204689CB165689542C9
:109E800014D22168A6460029E9D110E00CF118008F
:109E90000DE000BF8E46204609E000BF9E46084602
:109EA00005E000BF8646184601E000BFA646DCF884
:109EB00004108E4514D00168DEF80040AB1A112B57
:109EC00004604DD30EEB0205680719D04FF0500027
:109ED00080F31188BFF36F8FBFF34F8FFEE700BF92
:109EE000002508F007FC68075BD04FF0500080F3B6
:109EF0001188BFF36F8FBFF34F8F00BFFEE700BF26
:109F00000CF118006B60CEF8042000BF0368AB4270
:109F10000AD21868A8420BD20368AB4204D2186870
:109F20001A46A842F2D304E00246184601E000BFF8
:109F30001A4653686C68D618AE4202D11C441546C6
:109F400054602B19834207D1DCF80430984203D0C7
:109F5000D0E9000323446B60AA42286018BF156053
:109F600001F10805DEF80400DCE90212091A914249
:109F7000CCF8081038BFCCF80C109CF80010002961
:109F800018BF40F00040CEF80400DCF810000021BB
:109F90000130CEF80010CCF8100008F0ABFB6807D9
:109FA000A3D1284670BD000040F27C10C2F2000030
:109FB000016819B101680A6D01320A6500687047CD
:109FC000034649F66110C0F600004FF0807C21F096
:109FD000010103E903106FF0020043F8240CA3F120
:109FE000440043F8202C7047F0B581B01F4614465A
:109FF0000E46054641B3B5B367B142F6A05042F6EE
:10A00000D963C0F6010047A1C0F601034FF497726F
:10A0100008F042FCC5B36868B0420CD042F6A050CC
:10A0200042F6D963C0F6010044A1C0F6010340F234
:10A03000351208F031FC05F11007384600F026FA19
:10A0400030B38CB3268934E042F6A05042F6D9638F
:10A05000C0F6010022A1C0F601034FF4967208F089
:10A060001BFC002DC8D142F6A05042F6D963C0F6C1
:10A07000010024A1C0F6010340F22D1208F00CFCEF
:10A08000002FBAD1C6E700BFFA2460B201B0F0BD1C
:10A0900014B32189304604F0A7F92046FEF79EFF4D
:10A0A000002460B201B0F0BD42F68D54C0F6010448
:10A0B00000263846214600F0D9F918B1FF2460B2D5
:10A0C00001B0F0BD6B6A3BB1284600213246002446
:10A0D000984760B201B0F0BD002460B201B0F0BD9D
:10A0E000726563765F746370206D75737420686148
:10A0F000766520612070636220617267756D656EA0
:10A1000074000000726563765F746370206D757310
:10A1100074206861766520616E20617267756D6577
:10A120006E74000065727220213D204552525F4FCF
:10A130004B20756E68616E646C6564007265637651
:10A140005F7463703A207265637620666F72207761
:10A15000726F6E6720706362210000002DE9F0438A
:10A1600081B0DDF82090984614460E46054699B316
:10A17000002D3FD06868B0420BD042F6A05042F6A6
:10A18000D963C0F6010034A1C0F60103EE2208F045
:10A1900083FB05F11007384600F078F9B0B30620CC
:10A1A000FCF79EFF90B3046044600646B8F1000FD0
:10A1B00014BFD8F800000020B0602489384631462A
:10A1C000A6F80C9000F052F930B3304601B0BDE86B
:10A1D000F043FDF701B800BF42F6A05042F6D96344
:10A1E000C0F6010013A1C0F60103E52208F054FBFC
:10A1F000002DBFD142F6A05042F6D963C0F601004F
:10A200001DA1C0F60103E62208F046FB204601B07E
:10A21000BDE8F043FEF7E2BE6B6A3BB12846002181
:10A22000224601B0BDE8F043184700BF01B0BDE8C9
:10A23000F08300BF726563765F756470206D75731F
:10A2400074206861766520612070636220617267A6
:10A25000756D656E74000000726563765F7564707D
:10A260003A207265637620666F722077726F6E6730
:10A270002070636221000000726563765F75647010
:10A28000206D757374206861766520616E2061723F
:10A2900067756D656E740000B0B578B1054640789D
:10A2A000144604281CD0012803D128460121FBF7BD
:10A2B00059FE6868D8B90020B0BD00BF42F6A05072
:10A2C00042F6CC6142F6D963C0F60100C0F6010146
:10A2D000C0F6010340F2931208F0DEFA0020B0BD90
:10A2E00028460121FBF782FA68680028E3D0B0F81D
:10A2F0006410B1F5866FDED3B0F866000428DAD8B2
:10A30000287F6B6A00F0EF00002B2877D3D0284617
:10A310000221224698470020B0BD000070B51646C5
:10A320000D460446FEF72EF82168044608462946E5
:10A330004FF0000266B13346FEF774F800281CBFE8
:10A340004FF0FF3070BDFEF71DF8001B70BD00BF61
:10A350004FF0FF33FEF766F8FEF714F8001B70BDF0
:10A3600080B5006800220023FEF75CF8002818BFC3
:10A370004FF0FF3080BD000080B540F23070C2F277
:10A38000000000684FF0FF31FEF73AF9012080BD70
:10A3900070B50E460546FDF7F5FF044656B1286830
:10A3A0003146FEF7B9F900281CBF4FF0FF3070BDF1
:10A3B00007E000BF28684FF0FF31FEF7ADF9002835
:10A3C000F8D1FDF7DFFF001B70BD000040F23070D8
:10A3D000C2F200000068FEF779B90000F0B581B064
:10A3E00000F072F840F2EC26C2F20006716899B1F2
:10A3F000044601E0716879B14868221A0CD40A68F1
:10A40000D1E90275C6E901200A20FCF7E3FB002F21
:10A41000F0D02846B847EDE701B0F0BD80B5002088
:10A42000FEF718F940F23071C2F20001086080BDF9
:10A4300010B504460068FEF739F82068BDE8104002
:10A44000FDF7DABFB0B50446084604210022002516
:10A45000FEF738F80146002808BF4FF0FF352846C0
:10A460002160B0BD002101607047000080B582B05E
:10A470000068019101A900220023FEF76DF8002871
:10A4800018BF4FF0FF3002B080BD00000068002808
:10A4900018BF01207047000000684FF0FF31FEF741
:10A4A000AFB80000B0B5044600200025FEF7D2F892
:10A4B0000146002808BF4FF0FF3528462160B0BD97
:10A4C0000068FEF703B90000F7F7A8B80068FEF7C8
:10A4D00059B90000B0B505464FF6FF7000220C4692
:10A4E000FEF766F9286048B1002C11BF0024002156
:10A4F0000024FEF711F960B2B0BD00BFFF2460B2C6
:10A50000B0BD000000210160704700000068FEF748
:10A51000ABB900000068002818BF01207047000098
:10A5200080B58AB094460C9A01900020CDE90200D3
:10A53000CDE90400CDE90632CDE9080001AA0846BC
:10A540006146FEF7C3F90AB080BD0000F0B581B0E6
:10A5500014460646B0F1804F0D460CD342F6A0508B
:10A5600043F6E903C0F601002FA1C0F6010340F253
:10A57000291208F091F9FFF7A7FF07460A20FCF718
:10A58000AFFD48B3002140F2EC230160C2F20003AA
:10A590005968BA1985604260C46081B34F68D71B9F
:10A5A0002CD40B6873B35F68D71B31D41968A9B377
:10A5B0004F68D71B33D40B6823B35F68D71B27D4EE
:10A5C000196859B34F68D71BB7F1FF3F1F46E8DC46
:10A5D0000160386001B0F0BD42F6A05043F61D1195
:10A5E00043F6E903C0F60100C0F60101C0F601031D
:10A5F000BE2201B0BDE8F04008F04EB901605860DD
:10A6000001B0F0BD0F4600210160386001B0F0BD1F
:10A610000F4619460160386001B0F0BD00211F46A9
:10A620000160386001B0F0BD54696D656F757420CC
:10A6300074696D6520746F6F206C6F6E672C206D70
:10A640006178206973204C5749505F55494E543307
:10A65000325F4D41582F34206D73656373000000E5
:10A66000B0B542F6984545F21D54C0F60105C0F656
:10A67000000405F108024FF47A702146FFF766FFE7
:10A6800005F110024FF47A702146BDE8B040FFF7A3
:10A690005DBF000010B540F2EC24C2F20004606817
:10A6A00040B1FFF711FF61684968081A20EAE070BD
:10A6B00010BD00BF4FF0FF3010BD000082B0F7F7B3
:10A6C000D5FE002040F2D45400904AF20D70C2F240
:10A6D0000004C0F600000AA14FF480620023019438
:10A6E00007F02AFE40F60004C4F2020420464FF4AC
:10A6F0008071F6F785FF642006F098FCF6E700BF4E
:10A7000054435020696E6974000000002DE9F04741
:10A7100082B0102000210022FDF75AF840F23807DD
:10A72000C2F20007386078B142F69441C0F60101E8
:10A73000E622FCF77DFE0146386849B102B0BDE86B
:10A74000F047FCF7DFBE00BF02B0BDE8F08700BFF6
:10A75000FF21FDF707F84AF6AF6607F1080807F191
:10A760000C05C2F200060FF288094FF0000A05E05E
:10A770007868FCF79BFE7868FCF7C4FE394651F810
:10A78000040BFCF765FD0028F2D178684146FDF71F
:10A79000CBF80028ECD100BFB86800684168428956
:10A7A0002846F5F795FD304649462A4608F084F8D4
:10A7B00079680246084631460123CDF800A0FDF72E
:10A7C00057FA28466421F5F778FDB868FCF716FDBE
:10A7D0000028E1DC3C4654F8080FFCF7FDFC54F877
:10A7E000040C2146FDF7A0F80028D5D0C0E700BF33
:10A7F000746869732069732073656E7420627920B0
:10A80000736572766572200A20636C69656E7420C8
:10A8100073656E7420746F2073657276657220693B
:10A8200073202573200A00002DE9F04F85B0A8B3EE
:10A830000446007D0D4601280DD142F6A05043F29A
:10A840004933C0F6010074A1C0F6010340F2412271
:10A8500008F022F8207D0A2834D140F22830C2F2D4
:10A8600000001030214602F037FC207D01280ED177
:10A8700042F6A05043F2BE2143F24933C0F6010034
:10A88000C0F60101C0F60103D42208F005F801204A
:10A89000214605B0BDE8F04FFCF79CB942F6A05048
:10A8A00043F2303143F24933C0F60100C0F60101F2
:10A8B000C0F6010340F23D2205B0BDE8F04F07F0BD
:10A8C000EBBF00BF2169D4F82490D4F850A0D4F88D
:10A8D0009080B4F816B0049170B140F22836C2F2FC
:10A8E000000606F10C00214602F0F6FB0120307054
:10A8F000266F5EBB37E000BFBBF1000F00F0848025
:10A9000040F22831C2F2000151F8080FA04214D0E1
:10A91000A8B1C2680146A2420ED082B1D0681146E9
:10A92000A04209D058B1C2680146A24204D032B157
:10A93000D0681146A042EBD10C31E06808600025D8
:10A94000E5604FF0000B266F6EB100BFD6E90070D6
:10A95000002818BFFEF742FB03203146FCF73AF906
:10A96000002F3E46F2D1E66E6EB100BFD6E9007010
:10A97000002818BFFEF732FB03203146FCF72AF906
:10A98000002F3E46F2D1666F6EB100BFD6E900706F
:10A99000002818BFFEF722FB03203146FCF71AF906
:10A9A000002F3E46F2D155B1278B201DCDE9000B7B
:10A9B000204651464A462346029703F075FF207D04
:10A9C00001280ED142F6A05043F2BE2143F2493392
:10A9D000C0F60100C0F60101C0F60103D42207F061
:10A9E0005BFF01202146FCF7F5F8B8F1000F07D016
:10A9F000049842466FF00C0105B0BDE8F04F1047D7
:10AA000005B0BDE8F08F00BF00254FF0000B266FAA
:10AA1000002E9BD1A7E700BF646F6E27742063618F
:10AA20006C6C207463705F61626F72742F746370FA
:10AA30005F6162616E646F6E20666F72206C697315
:10AA400074656E2D70636273000000000121FFF7D2
:10AA5000EBBE0000002808BF7047027D012A08BF36
:10AA600081617047B0B539B108460121FFF7DCFEBE
:10AA70006FF00C00B0BD00BF42F6A05443F2493560
:10AA8000C0F60104C0F6010509A1204640F20F32CC
:10AA90002B4607F001FF43F23031C0F6010120469A
:10AAA00040F23D222B4607F0F7FE6FF00C00B0BDE0
:10AAB0007463705F6163636570745F6E756C6C3A2C
:10AAC00020696E76616C696420706362000000002A
:10AAD000F0B581B004460120FCF702FB40F22836B5
:10AAE00005460028C2F2000640F01181F76800BF59
:10AAF00037B3798B3D46FF680807F9D5287D21F0EB
:10AB000008010728698309D0042801D00328EFD160
:10AB1000284604F055F828B905200CE0284604F032
:10AB20004FF838B10130E3D1688B40F008006883FA
:10AB3000DEE700BF09202875284601F013FFD7E79C
:10AB400033697BB371690022002000BF1D6ADF6892
:10AB50004D1B954228BF184607B3954288BF2A4629
:10AB60003D6AFB684D1B954228BF3846B3B19542FC
:10AB700088BF2A461D6ADF684D1B954228BF1846CC
:10AB800067B1954288BF2A463D6AFB684D1B9542D6
:10AB900028BF384688BF2A46002BD7D110B10121E3
:10ABA000FFF742FE0120FCF79BFA0546002840F023
:10ABB000AE80F368D3B371690022002002E000BFC9
:10ABC000DB687BB31F7D092F06D11F6ACF1B97421D
:10ABD00028BF184688BF3A46DB681BB31F7D092F84
:10ABE00006D11F6ACF1B974228BF184688BF3A4636
:10ABF000DB68BBB11F7D092F06D11F6ACF1B9742AF
:10AC000028BF184688BF3A46DB685BB11F7D092F15
:10AC1000D6D11F6ACF1B974228BF184688BF3A4635
:10AC2000CEE700BF10B10021FFF7FEFD0120FCF7C9
:10AC300057FA054600286AD1F368CBB37169002240
:10AC4000002001E0DB687BB31F7D082F06D11F6A5F
:10AC5000CF1B974228BF184688BF3A46DB681BB314
:10AC60001F7D082F06D11F6ACF1B974228BF1846A9
:10AC700088BF3A46DB68BBB11F7D082F06D11F6A2B
:10AC8000CF1B974228BF184688BF3A46DB685BB1A6
:10AC90001F7D082FD6D11F6ACF1B974228BF1846A9
:10ACA00088BF3A46CEE700BF10B10021FFF7BCFDD8
:10ACB0000120FCF715FA054648BB7F2C204628BF2B
:10ACC0007F20F8B1F168E9B1D6F814C0451E002222
:10ACD000002007E0086AACEB000708463A461D462C
:10ACE000C96859B14B7DEFB2BB42F3D3F8D10F6ABB
:10ACF000ACEB07079742F0D2F2E700BF10B1012199
:10AD0000FFF792FD0120FCF7EBF9054680B32846DA
:10AD10009C21F5F7D2FA4FF48660A5F8640040F65E
:10AD20006000C0F66000A862FF20E8724FF00610D5
:10AD3000C5F83E004FF6FF70C0F2182028630120CE
:10AD4000C0F23040A8647069717828624EF26D30AC
:10AD5000C0F60000C5F884004DF60050C0F26D004A
:10AD60006C75A977C5F89400284601B0F0BD00BF06
:10AD70000025284601B0F0BD002818BF01617047CA
:10AD80002DE9F04F81B042F69443C0F6010300294B
:10AD900018BF0B4690B1017D21B342F6A05043F29B
:10ADA0004933C0F601000FF27851C0F6010340F2BA
:10ADB000AB2207F071FDFA262DE000BF42F6A0504D
:10ADC00043F24933C0F601000FF27C51C0F6010393
:10ADD00040F2A92207F060FDF02670B201B0BDE894
:10ADE000F08F00BFE2B140F22837C2F20007796865
:10ADF00001E000BFC968002900F01681CE8A9642A2
:10AE0000F8D10D68002D00F00D821C68F826002C8A
:10AE100018BFA542EED170B201B0BDE8F08F00BFFF
:10AE200040F2283140F20C0CC2F20001C2F2000CD8
:10AE3000D1E901EABCF80020D1E90358BEF1000FC6
:10AE40007CD0002D00F0108100264FF6FF7B43F6EA
:10AE5000FF7904E04E4506F1010680F05982013287
:10AE600091B2594504BF4CF20002CFF6FF72714611
:10AE7000CF8A94B2A742EDD0C96879B1CF8AA742F0
:10AE8000E8D0C96851B1CF8AA742E3D0C96829B1D7
:10AE9000CF8AA742DED0C9680029E9D1BAF1000FF4
:10AEA00015D05146CF8AA742D4D0C96879B1CF8A8C
:10AEB000A742CFD0C96851B1CF8AA742CAD0C968CA
:10AEC00029B1CF8AA742C5D0C9680029EAD129464D
:10AED000CF8AA742BED0C96879B1CF8AA742B9D07C
:10AEE000C96851B1CF8AA742B4D0C96829B1CF8A05
:10AEF000A742AFD0C9680029EAD1B8F1000F7CD0D1
:10AF00004146CF8AA742A5D0C968002975D0CF8A0B
:10AF1000A7423FF49FAFC96800296ED0CF8AA742ED
:10AF20003FF498AFC968002967D0CF8AA7423FF4A1
:10AF300091AFC9680029E4D15FE000BF00274FF658
:10AF4000FF7943F6FE7E04E0774507F1010700F242
:10AF5000DF81013291B2494504BF4CF20002CFF6C5
:10AF6000FF72BAF1000F16D05146CE8A94B2A642B3
:10AF7000EAD0C96879B1CE8AA642E5D0C96851B194
:10AF8000CE8AA642E0D0C96829B1CE8AA642DBD0DB
:10AF9000C9680029E9D1B5B12946CE8A94B2A64242
:10AFA000D2D0C96879B1CE8AA642CDD0C96851B194
:10AFB000CE8AA642C8D0C96829B1CE8AA642C3D0DB
:10AFC000C9680029E9D1B8F1000F16D04146CE8AF0
:10AFD00094B2A642B8D0C96879B1CE8AA642B3D09D
:10AFE000C96851B1CE8AA642AED0C96829B1CE8A0D
:10AFF000A642A9D0C9680029E9D11104ACF8002003
:10B000002CD01968002918BF016040F22831C2F223
:10B010000001C282C0F80CA0886004F0D1FA0026BA
:10B0200070B201B0BDE8F08FD7F808A0BAF1000FF8
:10B0300000F08080514602E0C96800297AD0CE8AAB
:10B040009642F9D10D68002D00F0EC801C68F826BE
:10B05000002C18BFA5423FF4DEAEEDE7FE2670B22D
:10B0600001B0BDE8F08F00BFBAF1000F78D0B8F1A1
:10B07000000F4FF6FF794FF0000400F0D98043F63F
:10B08000FE7604E0B44204F1010400F24181013291
:10B0900091B24945714604BF4CF20002CFF6FF72EF
:10B0A000CD8A97B2BD42EDD0C96879B1CD8ABD4293
:10B0B000E8D0C96851B1CD8ABD42E3D0C96829B191
:10B0C000CD8ABD42DED0C9680029E9D15146CD8A7A
:10B0D000BD42D7D0C96879B1CD8ABD42D2D0C96846
:10B0E00051B1CD8ABD42CDD0C96829B1CD8ABD420A
:10B0F000C8D0C9680029EAD14146CD8ABD42C1D035
:10B10000C96800293FF479AFCD8ABD42BAD0C96879
:10B1100000293FF472AFCD8ABD42B3D0C96800297F
:10B120003FF46BAFCD8ABD42ACD0C9680029E4D1F1
:10B1300063E700BFFD68002D5ED0F82603E000BF86
:10B14000ED68002D58D0E98A9142F9D1296800298B
:10B1500068D01C68002C18BFA1423FF45CAEEFE73A
:10B1600000244FF6FF75B8F1000F00F0A58043F6FC
:10B17000FE7904E04C4504F1010400F2C98001327B
:10B1800091B2A942714604BF4CF20002CFF6FF72A1
:10B19000CE8A97B2BE42EDD0C96879B1CE8ABE429E
:10B1A000E8D0C96851B1CE8ABE42E3D0C96829B19E
:10B1B000CE8ABE42DED0C9680029E9D14146CE8A96
:10B1C000BE42D7D0C96800293FF417AFCE8ABE422D
:10B1D000D0D0C96800293FF410AFCE8ABE42C9D092
:10B1E000C96800293FF409AFCE8ABE42C2D0C968FF
:10B1F0000029E4D101E700BF3F69002F3FF401AF10
:10B20000F82603E0FF68002F3FF4FBAEF98A914275
:10B21000F8D1396831B11D68002D18BFA9423FF43B
:10B22000FAADEFE7F82670B201B0BDE8F08F00BFCD
:10B2300043F6FE7804E000BF444504F1010467D8FA
:10B24000013291B24945714604BF4CF20002CFF67B
:10B25000FF72CE8A97B2BE42EED0C96879B1CE8A6B
:10B26000BE42E9D0C96851B1CE8ABE42E4D0C968B5
:10B2700029B1CE8ABE42DFD0C9680029E9D1514642
:10B28000CE8ABE42D8D0C96800293FF4B6AECE8A75
:10B29000BE42D1D0C96800293FF4AFAECE8ABE42CB
:10B2A000CAD0C96800293FF4A8AECE8ABE42C3D036
:10B2B000C9680029E4D1A0E643F6FE78013291B2D4
:10B2C000A942714604BF4CF20002CFF6FF72CE8A4B
:10B2D00097B2BE4218D0C96800293FF48EAECE8A1C
:10B2E000BE4211D0C96800293FF487AECE8ABE4263
:10B2F0000AD0C96800293FF480AECE8ABE4203D08E
:10B30000C9680029E3D178E6444504F10104D5D9A0
:10B31000ACF80020FE2670B201B0BDE8F08F00BF8F
:10B320007463705F62696E643A2063616E206F6E51
:10B330006C792062696E6420696E20737461746533
:10B3400020434C4F534544007463705F62696E64E0
:10B350003A20696E76616C69642070636200000057
:10B3600080B558B1017D012903D0418B41F0100116
:10B3700041830121BDE8804000F01CB842F6A05096
:10B3800043F24933C0F6010004A1C0F601034FF4B3
:10B39000F47207F081FA6FF00F0080BD7463705F84
:10B3A000636C6F73653A20696E76616C69642070B6
:10B3B00063620000B0B584B0027D044651B1072A33
:10B3C00001D0042A06D1A06F00283BD1208DB0F512
:10B3D000066F37D1072A4FF0000000F229810FF2E3
:10B3E0000601DFE812F009008700F50013011901DA
:10B3F000250125011F0100BFE08A002800F03081EF
:10B4000040F22831C2F200018868A04200F0228197
:10B41000A0B1C2680146A2420ED07AB1D0681146EE
:10B42000A04209D050B1C2680146A24204D02AB15C
:10B43000D0681146A042EBD1E068C86004F10C006E
:10B440000CE100BF608BC0060CD442F6A05043F262
:10B450004933C0F6010086A1C0F601034FF4B27271
:10B4600007F01AFAE08A626A216DB4F818C0231D49
:10B47000CDE9003020462346CDF808C003F014FA89
:10B48000204601F0BDFD40F22830C2F20000024625
:10B4900052F80C1FA14214D0A9B1CB680A46A342AE
:10B4A0000ED083B1D9681A46A14209D059B1CB68F0
:10B4B0000A46A34204D033B1D9681A46A142EBD15F
:10B4C0000C32E16811600021E16040F2D821C2F243
:10B4D000000109680122A142027005D0207D0128E7
:10B4E00000F08480BCE000BF04F030F9002004B01C
:10B4F000B0BD00BF40F22830C2F200008268D2B175
:10B50000002100BFD36FA34208BFD167D26892B1B8
:10B51000D36FA34208BFD167D26862B1D36FA34291
:10B5200008BFD167D26832B1D36FA34208BFD167D9
:10B53000D268002AE6D1C268CAB10021D36FA34203
:10B5400008BFD167D26892B1D36FA34208BFD16759
:10B55000D26862B1D36FA34208BFD167D26832B15B
:10B56000D36FA34208BFD167D268002AE6D102692F
:10B57000CAB10021D36FA34208BFD167D26892B18C
:10B58000D36FA34208BFD167D26862B1D36FA34221
:10B5900008BFD167D26832B1D36FA34208BFD16769
:10B5A000D268002AE6D10430214601F095FD207DC5
:10B5B00001280BD142F6A05043F24933C0F60100F6
:10B5C00032A1C0F60103DF2207F066F9022048E04D
:10B5D00040F22835C2F2000505F10C00214601F0C9
:10B5E0007BFD207D01210128297039D142F6A05030
:10B5F00043F2BE2143F24933C0F60100C0F6010117
:10B60000C0F60103D42207F047F929E0204603F0F1
:10B61000D7FA58B9052016E0204603F0D1FA28B928
:10B62000052010E0204603F0CBFA58B1411C01D0B0
:10B6300004B0B0BD608B40F008006083002004B00F
:10B64000B0BD00BF09202075204601F08BF9002015
:10B6500004B0B0BD204650F80C2F8A600021016074
:10B6600001202146FBF7B6FA002004B0B0BD00BFB0
:10B670007063622D3E666C61677320262054465FBE
:10B680005258434C4F534544000000007463705FB0
:10B69000667265655F6C697374656E3A20214C490A
:10B6A0005354454E000000002DE9F04381B0994607
:10B6B000904607460C4668B3D4B30320FBF710FD51
:10B6C000002846D006460898042101EA8005B07299
:10B6D00020890021A842316074600CD242F6A0504B
:10B6E00043F25E73C0F6010040A1C0F60103B02230
:10B6F00007F0D2F82089401B308120461421FDF745
:10B700003DF978B3304603F091F90026304601B098
:10B71000BDE8F08342F6A05043F25E73C0F601002C
:10B7200021A1C0F60103A32207F0B6F8002CC4D172
:10B7300042F6A05043F25E73C0F6010022A1C0F6AB
:10B740000103A42207F0A8F80320FBF7C9FC002896
:10B75000B8D12046FDF742FC0026304601B0BDE8D6
:10B76000F08300BF70684168F88AF160F9F794FFD0
:10B77000F268398B10800846F9F78EFFF16848802F
:10B780004846F9F787FFF1684860052000EB95000F
:10B7900048EA0030F9F780FFF1688881002048828C
:10B7A000304601B0BDE8F0837463705F6372656119
:10B7B00074655F7365676D656E743A20696E766156
:10B7C0006C696420706362007463705F63726561AA
:10B7D00074655F7365676D656E743A20696E766136
:10B7E0006C6964207062756600000000702D3E7404
:10B7F0006F745F6C656E203E3D206F70746C656E7B
:10B8000000000000B0B50D4604461AB18DB92046BF
:10B81000B0BD00BF42F6A05043F24933C0F601006C
:10B820000AA1C0F6010340F6C50207F035F8002D65
:10B83000EDD0A88C0028EAD02821D0FA51F080B2AF
:10B84000844228BF04462046B0BD00BF7463705FC9
:10B850006566665F73656E645F6D73735F6E657456
:10B8600069663A20696E76616C6964206473745FFE
:10B87000697000002DE9F04182B00D4611F0030817
:10B88000044600F08F80002C00F09F8005F002003D
:10B890004700362039464FF42072FDF7A5F80028FE
:10B8A00076D006464089B842C5F340070CD242F62E
:10B8B000A05043F25E73C0F601005EA1C0F6010322
:10B8C00040F23A4206F0E8FFE36D204631462A4650
:10B8D0000097FFF7E9FE00285AD00646007B800754
:10B8E0000CD042F6A05043F25E73C0F6010060A196
:10B8F000C0F6010340F2424206F0CEFF308978B133
:10B9000042F6A05043F6690143F25E73C0F60100AF
:10B91000C0F60101C0F6010340F2434206F0BCFF4D
:10B92000274657F86C0F394668B100BF02680146D8
:10B930004AB11068114630B1026801461AB1106868
:10B9400011460028F2D10020B8F1000F0E60A4F8D3
:10B95000680009D0E06DE90700F10100E06503D05F
:10B96000608B40F0200060837068FDF79FF9B4F8A9
:10B97000661008440104A4F8660003D0206F08B9DB
:10B98000386888B3002040B202B0BDE8F08100BF43
:10B99000608B40F080006083FF2040B202B0BDE8C1
:10B9A000F08100BF42F6A05043F25C6143F25E7347
:10B9B000C0F60100C0F60101C0F6010340F21242D8
:10B9C00006F06AFF002C7FF461AF42F6A05043F20C
:10B9D0005E73C0F601000FA1C0F6010340F21342EE
:10B9E00006F05AFF52E700BF42F6A05043F641016D
:10B9F00043F25E73C0F60100C0F60101C0F6010318
:10BA000040F2664206F048FF002040B202B0BDE8B6
:10BA1000F08100BF7463705F656E71756575655FF9
:10BA2000666C6167733A20696E76616C6964207038
:10BA3000636200007463705F656E71756575655F44
:10BA4000666C6167733A20636865636B2074686134
:10BA50007420666972737420706275662063616E0B
:10BA600020686F6C64206F70746C656E000000005D
:10BA70007365672D3E746370686472206E6F742006
:10BA8000616C69676E656400002808BF7047B0B5D7
:10BA90000446007D0D4601280CD142F6A05043F229
:10BAA0004933C0F6010006A1C0F6010340F60D02BD
:10BAB00006F0F2FEC4F89050BDE8B040704700BFF9
:10BAC000696E76616C696420736F636B6574207353
:10BAD0007461746520666F72206572722063616C98
:10BAE0006C6261636B0000002DE9F04740F2283979
:10BAF000C2F2000999F80100D9F80C400130002C7D
:10BB000089F8010000F07E804FF0000806E000BFD9
:10BB1000D9F80C40002C08BFBDE8F087A07F99F849
:10BB20000110884202D1E76868E000BF608BA1770E
:10BB3000C20709D040F002006083204600F012FFE7
:10BB4000608B20F003006083010721D5217D20F068
:10BB500008000729608309D0042901D0032917D1DF
:10BB6000204603F02DF828B905200CE0204603F00C
:10BB700027F838B101300BD1608B40F008006083AA
:10BB800006E000BF09202075204600F0EBFE00BF54
:10BB9000A56FE76895B3D4F8846095F80DA089F88F
:10BBA0000080C4F878805EB1206921462A460023CF
:10BBB000B04710F10D011BD0C0B240B1A56717E02E
:10BBC0002989204602F010FC2846FDF707FA5FEAB3
:10BBD0008A600DD5208DB0F5066F1CBF0130208521
:10BBE000D4F8846026B12069214600220023B047A2
:10BBF00099F8000000287FF48BAF00BF002F3C466F
:10BC00007FF48CAFBDE8F08710B50446007D0128B5
:10BC10000ED142F6A05043F2BE2143F24933C0F6A2
:10BC20000100C0F60101C0F60103D42206F034FE83
:10BC300001202146BDE81040FAF7CCBF2DE9F04FB6
:10BC400081B0002900F0988040F2B82B42F6A0584D
:10BC500043F2395943F2F95A0C460546C2F2000B39
:10BC6000C0F60108C0F60109C0F6010A7AB938E049
:10BC7000C81BBBF808102289A5F866005018ABF85D
:10BC80000800204602F0D2FE002E344674D0E06850
:10BC90004068F9F7FFFCE16826898989074608466C
:10BCA000F9F7FAFCDBF81810BA19511A800718BF17
:10BCB000013100295BDCD4E90060FCF7F7FFB5F83F
:10BCC000661007468142D3D24046494640F2574269
:10BCD000534606F0E1FDB5F86610C9E7002E34467C
:10BCE0004AD0E0684068F9F7D5FCE168268989897F
:10BCF00007460846F9F7D0FCDBF81810BA19511AB4
:10BD0000800718BF0131002931DCD4E90060FCF75D
:10BD1000CDFFB5F866100746814208D24046494635
:10BD200040F25742534606F0B7FDB5F86610C81BFF
:10BD3000BBF808102289A5F866005018ABF8080077
:10BD4000204602F073FEB5F866000028C6D0002E2B
:10BD5000C4D142F6A05043F2F953C0F6010009A144
:10BD6000C0F6010340F2624206F096FD0024204630
:10BD700001B0BDE8F08F00BF0024204601B0BDE84F
:10BD8000F08F00BF7463705F726563656976653AB2
:10BD90002076616C6964207175657565206C656ECF
:10BDA0006774680070B5456F002D08BF70BD04460C
:10BDB000D5E90060002818BFFDF710F903202946D7
:10BDC000FAF708FF002E3546F2D10020606770BDFB
:10BDD00080B5F4F739FA40F20C0140F44040C2F269
:10BDE0000001088080BD00002DE9F04F83B00446BB
:10BDF00060B942F6A05043F2F953C0F601000FF2C9
:10BE00003C51C0F60103832206F046FD618960685B
:10BE100040F2B826C2F200061429F0600AD340F2BC
:10BE2000147AC2F2000ADAF80010DAF81400F8F70F
:10BE3000F5FB28B1204603B0BDE8F04FFDF7CEB8C2
:10BE4000DAF8140000F0F000E028F3D0F068808900
:10BE5000F9F722FC3C2101EA90211429EAD3208938
:10BE60008142E7D86289A1F1140000238A427080E0
:10BE7000336149D2206860B942F6A05043F2F953C9
:10BE8000C0F601000FF2CC41C0F60103C22206F059
:10BE900003FD20461421FDF7A9FA61897088B1805D
:10BEA000471A2046BDB2FDF7A1FA206841898D42AC
:10BEB000C0D8416831612946FDF798FA2089618927
:10BEC000C01B208169B142F6A05043F2F953C0F67D
:10BED00001000FF29041C0F60103DF2206F0DCFC06
:10BEE0002089216880B20989884211D042F6A05089
:10BEF00043F2F953C0F601000FF27441C0F601039A
:10BF0000E02206F0C9FC03E0B0802046FDF76EFA9F
:10BF1000F0680088F9F7C0FBF26851881080084685
:10BF2000F9F7BAFBF268516850800846F9F7B2FB9E
:10BF3000F168486070618868F9F7ACFBF168886067
:10BF4000C989B0610846F9F7A7FBF2689189D081E9
:10BF50000846F9F7A1FB00F03F0131702189800705
:10BF6000F18005D0481C81B28142F0807FF462AF3D
:10BF700040F23430C2F200000068002800F0B480C3
:10BF800042F6A05B43F2F95743F27B580025C0F616
:10BF9000010BC0F60107C0F6010803E0E8680028BD
:10BFA00000F0A280A9460546007D38B10A280FD0CE
:10BFB000012819D0287AF8B926E000BF58460FF2B8
:10BFC000D031FB223B4606F067FC287D0A28EFD1E2
:10BFD00043F2A2515846C0F60101FC223B4606F04E
:10BFE0005BFC287D0128E5D158464146FD223B46B1
:10BFF00006F052FC287A38B1DAF8041091F83010C3
:10C000000131C9B28842C9D1F068298B02889142B6
:10C01000C4D1E98A40888142C0D16868DAF810103A
:10C020008842BBD12868DAF814108842B6D1E86893
:10C03000A8420FD142F6A05043F2E44143F2F95333
:10C04000C0F60100C0F60101C0F6010340F20D1276
:10C0500006F022FCE868B9F1000F08D040F2343154
:10C06000C2F20001C9F80C0008680D60E860A8423F
:10C070000FD142F6A05043F20F5143F2F953C0F6EC
:10C080000100C0F60101C0F6010340F2151206F0EE
:10C0900003FC21890020B185F16870623163317839
:10C0A000B4620907F0617070308103D5607B40F0A5
:10C0B00001006073A86F002800F0B080284601F0EE
:10C0C0000BFC0D3007D0A86F002800F0A780F08887
:10C0D000002800F0A380688D002840F0EA80284600
:10C0E00002F0C8FCE5E000BF40F23830C2F20000C8
:10C0F0000568002D3ED042F6A05843F2CC5943F2D9
:10C10000F957C0F60108C0F60109C0F6010701E0C1
:10C11000ED687DB3287D0A2806D04046494640F2A6
:10C120001F123B4606F0B8FB287A38B1DAF8041043
:10C1300091F830100131C9B28842E9D1F068298BF9
:10C1400002889142E4D1E98A40888142E0D168685E
:10C15000DAF810108842DBD12868DAF81410884227
:10C16000D6D1284603F09CFA204603B0BDE8F04F34
:10C17000FCF734BF40F22C3CC2F2000CDCF800E0CB
:10C18000BEF1000F2CD0DAF80470DAF81480F368EE
:10C190000020724602E000BFC26812B3014610469A
:10C1A000127A2AB197F830500135EDB2AA42F3D194
:10C1B000C28A5D88AA42EFD10268002A18BF4245B0
:10C1C000EAD129B1C268CCF80000CA60C0F80CE01E
:10C1D00000F0AEF9204603B0BDE8F04FFCF7FEBE1C
:10C1E000F3689889F9F758FA40073FF523AEF068ED
:10C1F000D6E90521F388478806880AF110001A4419
:10C20000CDE900070AF114030020029602F04CFB6E
:10C21000204603B0BDE8F04FFCF7E0BE284635628B
:10C2200001F06CF80D3044D07078000730D43289BA
:10C230004AB1D5F8803023B12869294698470D3096
:10C2400037D000203081284600F0B6F888BBF0696E
:10C2500000284DD0A86F78B142F6A05043F261514A
:10C2600043F2F953C0F60100C0F60101C0F6010324
:10C270004FF4F37206F010FB688BC00624D4D5F897
:10C2800084704FB32869F26929460023B84729E032
:10C29000D5F890201AB128696FF00D01904740F24F
:10C2A0003430C2F20000294600F016FF2846FFF79E
:10C2B000ABFCB06A0024F461346210B1FCF78EFE6E
:10C2C000B46203B0BDE8F08FF069FCF787FE284642
:10C2D000FEF7BCFBEDE700BFF26900202946002312
:10C2E00002F044F820B1C0B2F328E2D0F069A867A8
:10C2F0007078800605D5A86F70B1417B41F02001B0
:10C30000417300203062284600F056F80028D0D152
:10C31000284600F027FBCCE7288DB0F5066F1CBF40
:10C3200001302885D5F88470002FEAD02869294685
:10C3300000220023B8470D30BBD0E2E77463705F82
:10C34000696E7075743A20696E76616C69642070EC
:10C3500062756600702D3E6E65787420213D204E1A
:10C36000554C4C00702D3E6C656E203D3D203000DC
:10C37000702D3E746F745F6C656E203D3D20702D96
:10C380003E6E6578742D3E746F745F6C656E000050
:10C390007463705F696E7075743A20616374697656
:10C3A00065207063622D3E737461746520213D20A9
:10C3B000434C4F534544000010B540F2B821C2F23F
:10C3C00000014978C9065CBF002010BD0446408BBF
:10C3D000C00606D4D4F890201AB120696FF00E017F
:10C3E000904740F23430C2F20000214600F074FE63
:10C3F0002046FFF709FC012010BD00002DE9F041A7
:10C4000084B0044610B3206D0138F9F743F9616A2E
:10C41000278BE38A668D02461020CDE9007008461E
:10C420000021029600F0AEFC002851D00546606A5B
:10C43000618D271D0144207AE16200284ED0FBF770
:10C44000FDFD064600284ED1FC2458E042F6A055DA
:10C4500043F25E76C0F60105C0F601062DA128461E
:10C4600040F62402334606F017FA502000680138DF
:10C47000F9F710F943F216710746C0F60101284694
:10C4800040F24272334606F007FA16210B88182153
:10C490004FF0240809882A26D8F800003588102291
:10C4A000CDE9001200213A46029500F06BFC78B10C
:10C4B0000546D8F800003188042708442C2108607C
:10C4C0000420F8F787FE08B306460020FF230CE09F
:10C4D000FF2460B204B0BDE8F08100BF3846F8F731
:10C4E00079FE0646A0B1A07AE37A0621CDE90001E3
:10C4F000284621463A460296F8F7B2FA04462846FC
:10C50000FCF76CFD60B204B0BDE8F081FC24F6E7F6
:10C51000FC24F4E77463705F6B656570616C697629
:10C52000653A20696E76616C696420706362000010
:10C53000F0B583B040F2B827C2F2000739784A0755
:10C5400004D40546C80603D4880719D403B0F0BD47
:10C55000F868D7E90521FB884788068840F21470FF
:10C56000C2F200001A4400F11003CDE9003700F1D7
:10C5700014032846029602F097F903B0F0BD00BFFD
:10C58000687DFEF7A5FA002856D0044640F21470E4
:10C59000C2F20000D0E90401264646F8040FF8680C
:10C5A0002160E98A0088E18279692083032020756F
:10C5B000481C6062E062204600F064F979696064BA
:10C5C0000139C4E91401A065E065687A296900F0C1
:10C5D0000C00607240F23430C2F200002161297A0E
:10C5E0000268E5672172E260046002F0E9FF40F250
:10C5F0002830C2F2000001210170204600F01CFC2E
:10C60000F868658EC089A4F86000A4F8620030461E
:10C61000F8F7E0FD014628463246FFF7F3F860865A
:10C6200020461221FFF726F990B12046002103B0E1
:10C63000BDE8F040FEF7F8B8AB69002B86D028695A
:10C6400000214FF0FF3203B0BDE8F040184700BFB3
:10C65000204603B0BDE8F04000F084B9F0B581B0E9
:10C66000144698B10646007D00B342F6A05043F24E
:10C670004933C0F601003FA1C0F6010340F25A322F
:10C6800006F00AF9F12000256EE000BF42F6A05046
:10C6900043F24933C0F6010044A1C0F6010340F261
:10C6A000593206F0F9F8F02000255DE00220FAF793
:10C6B00017FD054600284FF0000053D03169F28A7B
:10C6C000296101212975717DEA826975717A287263
:10C6D0006972708940F2283768813068C2F20007B9
:10C6E0002860EAB1394651F8080FB04214D0A8B119
:10C6F000C2680146B2420ED082B1D0681146B04243
:10C7000009D058B1C2680146B24204D032B1D068F3
:10C710001146B042EBD10C31F06808600020F060A7
:10C72000307D01280ED142F6A05043F2BE2143F2E3
:10C730004933C0F60100C0F60101C0F60103D4225E
:10C7400006F0AAF801203146FAF744FA4AF66520C5
:10C750007968C0F60000A861E9607D6002F030FFF2
:10C76000002001E0FF200025002C18BF2070284683
:10C7700001B0F0BD7463705F6C697374656E5F7750
:10C780006974685F6261636B6C6F675F616E645F41
:10C790006572723A2070636220616C7265616479BF
:10C7A00020636F6E6E656374656400007463705F10
:10C7B0006C697374656E5F776974685F6261636BDF
:10C7C0006C6F675F616E645F6572723A20696E7646
:10C7D000616C69642070636200000000F0B581B094
:10C7E00088B30446006870B340F22836C2F20006EF
:10C7F000F0680D4668BBB068B8BB25B3286810B3B5
:10C80000706800B301682268914204BF2968016022
:10C81000C068C0B101682268914204BF2968016004
:10C82000C06880B101682268914204BF2968016034
:10C83000C06840B101682268914204BF2968016064
:10C84000C0680028DED101B0F0BD00BF002F38461F
:10C85000D1D021680268C7688A42F7D10121FDF76B
:10C86000E3FFF3E7002F3846C7D021680268C768A6
:10C870008A42F7D10121FDF7D7FFF3E74020FEF709
:10C8800027B9000080B560B942F6A05043F24933A1
:10C89000C0F6010009A1C0F6010340F6AF0205F0A1
:10C8A000FBFF40F2283040F20C01C2F20000C2F25D
:10C8B000000140694A681044486080BD7463705F3D
:10C8C0006E6578745F6973733A20696E76616C691E
:10C8D0006420706362000000F0B581B00446C06857
:10C8E0000D468089F8F7D8FEC00723D155B340F232
:10C8F000B827C2F2000705E02E68284602F096F835
:10C900003546FEB1EA687869238951682E89034467
:10C910000E449E1B1AD49089F8F7BEFEC007EBD0D8
:10C92000E06886890120F8F7B7FEE1683043888126
:10C93000E2E700BF284602F089F80025256001B033
:10C94000F0BD00BF0025256001B0F0BD5A1A012AD4
:10C95000F4DB091A6068218189B2FCF799FC256033
:10C9600001B0F0BD2DE9F04F85B00446002851D04C
:10C97000207D01280DD142F6A05043F25E73C0F62F
:10C9800001000FF2AC31C0F6010340F2E44205F0C1
:10C9900083FF40F2D820C2F200000068A0424BD0D2
:10C9A000B4F86000B4F84880E66E404538BF804671
:10C9B00036B3207A271D002844D0FBF73FFB0546FD
:10C9C000002845D0206808B968682060F068406891
:10C9D000F8F760FE616C3289401A104440453DD939
:10C9E000B4F8600080450BD1206F48B994F89900E5
:10C9F00030B94FF48070A4F89800002084F89A00B1
:10CA0000608B800740F17781204605B0BDE8F04F8C
:10CA100002F030B842F6A05043F25E73C0F6010057
:10CA2000BDA1C0F6010340F2E14205F035FF207DD3
:10CA30000128A0D0ADE700BF002040B205B0BDE89E
:10CA4000F08F00BF3846F8F7C5FB05460028B9D17E
:10CA5000FC2040B205B0BDE8F08F00BFA2465AF8F6
:10CA6000700F002104958AF8291068B10168834687
:10CA7000A9B108688B4690B10168834679B108680E
:10CA80008B460028F2D10AE04FF0000B07E000BF10
:10CA9000304601F0CBFFE66E002E00F02981F068F1
:10CAA0004068F8F7F7FD616C3289401A1044404540
:10CAB00000F21C81F0688089F8F7EEFD40070CD584
:10CAC00042F6A05043F25E73C0F60100A2A140F20C
:10CAD0003752C0F6010305F0DFFEDAF8000020B19E
:10CAE000608B10F0440F00F0BD80207D022807D03D
:10CAF000F06885891020F8F7CFFDF1682843888118
:10CB00007068807B012867D1606AF8F7C3FDF2681E
:10CB1000618D90600846F8F7BFFDF568618DE8818A
:10CB2000606AB27A0844D107E06201D114350BE0A3
:10CB300004994FF406703A46FEF764FE00F1017066
:10CB4000F8F7A8FD68611835B4F93000B946B0F1BE
:10CB5000FF3FDCBF00202086606B50B9F06840F2D8
:10CB60003C31C2F20001096840686163F8F792FD48
:10CB7000A0637068F1684268438907898A1A9B1A22
:10CB8000BA1A0281B27A438102F0010201EB8202F9
:10CB9000143295424FF0000241600A820DD042F6F5
:10CBA000A05043F25E73C0F6010071A140F21C6216
:10CBB000C0F6010305F070FE7068A17AE37A009177
:10CBC00006210191049D21464A464F460295F7F7FA
:10CBD00047FF002840F09880207D31680228E166F8
:10CBE00003D0608B20F003006083F0684068F8F7A2
:10CBF00051FDF1683589898981460846F8F74CFD71
:10CC00008007206D09EB050118BF0131401AB0F112
:10CC1000FF3FD8BF2165F06835898089F8F73CFD72
:10CC200010F0030018BF4FF0FF3085423FF430AFE3
:10CC3000DAF8000000284FF0000030602CD0F068D7
:10CC40004068F8F727FDDBF80C10054649680846F0
:10CC5000F8F720FD281AB0F1FF3F21DDCBF8006086
:10CC6000B34618E7E16E41B10A68002A7FF43DAF90
:10CC70000989628E9142BFF438AFB4F8641000297C
:10CC80003FF433AFB4F8661008293FF62EAF10F02A
:10CC9000A0007FF42AAF29E0CAF80060B346FAE6A4
:10CCA000DAF80010C1B1B946574600BFC8684068FD
:10CCB000F8F7F0FCF168054649680846F8F7EAFC21
:10CCC000291A3868B1F1FF3F0ADC016807460029DC
:10CCD000ECD1002106E000BF0021504603E000BF78
:10CCE000014638464F4631600660D4E6E06E10B922
:10CCF0000020A4F86800608B20F080006083002092
:10CD000040B205B0BDE8F08F618B41F080016183D6
:10CD100040B205B0BDE8F08F7463705F6F757470DA
:10CD200075743A20696E76616C6964207063620084
:10CD3000646F6E27742063616C6C207463705F6F26
:10CD4000757470757420666F72206C697374656E8B
:10CD50002D70636273000000525354206E6F742074
:10CD6000657870656374656420686572652100008C
:10CD70006F7074696F6E73206E6F742066696C6C6F
:10CD8000656400002DE9F04F81B0834601F1140085
:10CD9000164681B222204FF420721F46FBF724FE74
:10CDA000044660B36089DDE90BA8DDF828901328FC
:10CDB0000CD842F6A05043F25E73C0F6010012A1F7
:10CDC000C0F6010340F2247205F066FD656838463E
:10CDD000F8F762FC28804846F8F75EFC6880584601
:10CDE0006E60F8F757FCA8600AF5A040F8F754FC0D
:10CDF000A8814046F8F750FCE881002028612046D1
:10CE000001B0BDE8F08F00BF636865636B20746894
:10CE10006174206669727374207062756620636144
:10CE20006E20686F6C642073747275637420746311
:10CE3000705F686472000000F0B540F2B821C2F281
:10CE40000001B1F802C0BCF1000F71D0D1E903625A
:10CE50008B8806F1140E0021022403E029468DB2CE
:10CE6000654565D28DB21EFA81F69D423546A1EB2D
:10CE7000030728BF52FA87F5002A08BF35462E78E7
:10CE80004D1C012EEAD0022E14D0002E50D0AEB28E
:10CE90001EFA85F79E423E46A5EB030528BF52FACF
:10CEA00085F6002A08BF3E463578022D40D3294436
:10CEB000D5E700BFAEB21EFA85F79E423E46A5EB0F
:10CEC000030528BF52FA85F6002A08BF3E4635788A
:10CED000042D2DD18D1C14FA85F6664588BFF0BD52
:10CEE000AEB201F103058AB1F71A52FA87F738BFDB
:10CEF0000EEB06073E780431AFB236029F4226BFE2
:10CF0000ED1A52FA85F51EFA85F505E01EF8066061
:10CF1000043136021EFA85F52D783543A5F219261F
:10CF200016F5067F38BF4FF40675458697E700BFB4
:10CF3000F0BD0000F0B581B01C4617460D46064610
:10CF400023B1BD42294610D326E000BF42F6A050CF
:10CF500043F25E73C0F6010020A1C0F60103E8228F
:10CF600005F09AFCBD42294616D2079880070BD4DB
:10CF70000698418B490629460ED4089921B1C16E05
:10CF800011B9006F294638B105F21B2020F00300CB
:10CF9000B84238BF0746394689B230464FF420724E
:10CFA000FBF722FD0646B0B1306878B142F6A050DA
:10CFB00043F60F0143F25E73C0F60100C0F60101B3
:10CFC000C0F6010340F20B1205F066FC7089401BAD
:10CFD000208035817581304601B0F0BD7463705F8B
:10CFE000706275665F707265616C6C6F633A206920
:10CFF0006E76616C6964206F76657273697A65001C
:10D0000000284DD070B50446007D0A2807D80121BC
:10D0100001FA00F040F20341084218BF70BDA06F52
:10D0200018B1FBF7DBFF0020A067656F7DB100BF83
:10D03000D5E90060002818BFFBF7D0FF0320294680
:10D04000F9F7C8FD002E3546F2D100206067E56E85
:10D050004FF6FF70208665B1D5E90060002818BF43
:10D06000FBF7BCFF03202946F9F7B4FD002E354637
:10D07000F2D1256F6DB100BFD5E90060002818BF5F
:10D08000FBF7ACFF03202946F9F7A4FD002E354637
:10D09000F2D10020C4E91B00A4F8680070BD00BFF5
:10D0A00042F6A05043F24933C0F6010003A1C0F696
:10D0B000010340F6510205F0EFBB00BF7463705FDF
:10D0C0007063625F70757267653A20696E76616C35
:10D0D0006964207063620000B0B50C46054629B152
:10D0E0009DB12868A04221D136E000BF42F6A05091
:10D0F00043F24933C0F601003CA1C0F6010340F6FB
:10D10000830205F0C9FB002DEBD142F6A05043F29B
:10D110004933C0F601003CA1C0F6010340F6840289
:10D1200005F0BAFB2868A04216D000BFB0B1C268B3
:10D130000146A2420ED08AB1D0681146A04209D061
:10D1400060B1C2680146A24204D03AB1D06811462B
:10D15000A042EBD101F10C05E06828600020E060FE
:10D160002046FFF74DFF207D01280BD00A2809D06B
:10D17000608BC10708D040F0020060832046FFF7B3
:10D18000F1FB207D01282CD0E06E60B142F6A0506A
:10D1900043F24933C0F6010023A1C0F6010340F673
:10D1A000930205F079FB206F60B142F6A05043F284
:10D1B0004933C0F6010022A1C0F6010340F69402F3
:10D1C00005F06AFB606F60B142F6A05043F249334C
:10D1D000C0F6010021A1C0F6010340F6960205F059
:10D1E0005BFB00202075E082B0BD00BF7463705F00
:10D1F0007063625F72656D6F76653A20696E766105
:10D200006C696420706362007463705F7063625F56
:10D2100072656D6F76653A20696E76616C6964201F
:10D220007063626C69737400756E73656E742073DD
:10D2300065676D656E7473206C65616B696E670000
:10D24000756E61636B6564207365676D656E74737D
:10D25000206C65616B696E67000000006F6F73651D
:10D2600071207365676D656E7473206C65616B69A1
:10D270006E670000C0B170B50546007D14460E46CD
:10D2800001280CD142F6A05043F24933C0F6010008
:10D290000CA1C0F6010340F63E0205F0FDFAC5F808
:10D2A0008C606C7770BD00BF42F6A05043F24933EA
:10D2B000C0F601000BA1C0F6010340F63D0205F0E7
:10D2C000EBBA00BF696E76616C696420736F636B43
:10D2D000657420737461746520666F7220706F6C62
:10D2E0006C0000007463705F706F6C6C3A20696E44
:10D2F00076616C6964207063620000002DE9F04182
:10D3000084B040F2B828C2F2000898F800700446D1
:10D31000790733D417F0020504D0207D00F0FE0019
:10D32000022866D1608BC00605D440F23C30C2F2C0
:10D3300000000068206200262046A4F89A60FFF7EB
:10D340007BFD207D0238072813D8DFE810F07B0032
:10D35000EB0009005B001D0109005F01FF0000BF39
:10D36000204600F01FFB98F80100800600F128829B
:10D37000002670B204B0BDE8F08100BF217D022913
:10D380000AD1D8F81800216D884219D0002670B251
:10D3900004B0BDE8F08100BFD8F81400626A904282
:10D3A0001ED169B942F6A05043F2F953C0F601000C
:10D3B0000FF2B841C0F601034FF44E7205F06CFA5B
:10D3C00098F80100618B40F0080088F8010021F016
:10D3D00001006083F22670B204B0BDE8F08100BFA6
:10D3E000811A00F14981218D1144401A002800F36F
:10D3F0004381608B002640F00200608370B204B06D
:10D40000BDE8F081204600F0CDFA98F8010098F8C8
:10D410000010800601F0100000F13481002800F0B7
:10D420002B81D8F81800216D884240F02581E06EEC
:10D430000026002804BF0620207570B204B0BDE8A5
:10D44000F08100BF07F01200122840F01381616CD8
:10D45000D8F818000131884240F00C81D8F8141037
:10D46000D8F80C206064481ED28960650420261D0F
:10D470004B1C2075658E30466362E362A4F8602021
:10D48000A4F86220F7F7A6FE014628463246FEF7CA
:10D49000B9F940F68E0141F21C126086884288BFBD
:10D4A0004200B4F86610B2EB800F88BF8200A4F887
:10D4B000482079B942F6A05043F2F953C0F6010072
:10D4C0000FF2E831C0F601034FF45B7205F0E4F9A6
:10D4D000B4F86610254655F8700F013925F80A1C76
:10D4E000294628B9214651F86C0F002800F0B08178
:10D4F00002680A6001F09AFA286800281ABF002022
:10D5000084F842004FF6FF70D4F888302086002B54
:10D510003FF46FAF20692146002298470D307FF419
:10D5200068AF59E1F80600F1C380002D00F0A48037
:10D53000606AD8F814100138814204BF204600F018
:10D54000DFFF002670B204B0BDE8F081204600F095
:10D5500029FA98F80000C00640F18E80D8F818002B
:10D56000216D884240F08880E06E002840F0848081
:10D5700098F80100002640F0100088F8010070B211
:10D5800004B0BDE8F08100BF204600F00BFA98F827
:10D590000100800670D5608B40F002006083204659
:10D5A000FFF72EFD40F23431C2F200010868A042BC
:10D5B00014D0A8B1C2680146A2420ED082B1D06890
:10D5C0001146A04209D058B1C2680146A24204D017
:10D5D00032B1D0681146A042EBD10C31E06808604E
:10D5E00040F22830C2F200000121017040F23831CF
:10D5F000C2F200010A680A202075E2600C6001F0A6
:10D60000DFFF002670B204B0BDE8F081204600F0D4
:10D61000C9F998F80000C0062ED5D8F81800216D79
:10D62000884229D1E06E38BB2046FFF7E9FC40F282
:10D630003431C2F200010868A04218D00028CFD0CF
:10D64000C2680146A24211D0002AC9D0D068114652
:10D65000A0420BD00028C3D0C2680146A24205D028
:10D66000002ABDD0D0681146A042E7D10C31E06855
:10D670000860B5E7F80641D4002670B204B0BDE8F2
:10D68000F08100BF40B1D8F81800216D884203D165
:10D69000E06E002800F0AE80608B002640F00200B3
:10D6A00060830820207570B204B0BDE8F08100BF2F
:10D6B000606CD8F81810C043401803D4206D081AC5
:10D6C000002841DDD8F80C00D8F81420B8F806304E
:10D6D0004788068840F21470C2F200001A4400F134
:10D6E0001003CDE9003700F114032046029601F043
:10D6F000DBF8002670B204B0BDE8F081D8F80C0069
:10D70000D8E90521B8F806304788068840F2147039
:10D71000C2F200001A4400F11003CDE9003700F115
:10D7200014032046029601F0BFF894F84200002648
:10D7300005283FF61EAE2046268600F08FFF70B209
:10D7400004B0BDE8F08100BFE06F0421002821751E
:10D7500048D083697BB942F6A05043F2F953C0F632
:10D7600001004AA1C0F601034FF46A7205F094F873
:10D77000E06F8369B3B3206921460022984710F116
:10D780000D0129D070BB204600F00CF9B8F8080054
:10D7900040F68E0100281CBF0138A8F80800608EF2
:10D7A00041F21C12884288BF420098F80110B2EB87
:10D7B000800F88BF82008806A4F848207FF55CAF00
:10D7C000608B002640F0020060830720207570B255
:10D7D00004B0BDE8F08100BFF32670B204B0BDE82C
:10D7E000F08100BF2046FDF731F9F32670B204B096
:10D7F000BDE8F081608B40F0020060832046FFF7B7
:10D80000FFFB40F23431C2F200010868A0421CD094
:10D8100000283FF4E5AEC2680146A24214D0002AB7
:10D820003FF4DEAED0681146A0420DD000283FF490
:10D83000D7AEC2680146A24206D0002A3FF4D0AE5D
:10D84000D0681146A042E3D10C31E0680860C7E619
:10D8500042F6A05043F2F953C0F6010019A1C0F6F8
:10D8600001034FF45D7205F017F800BF7463705F39
:10D87000696E7075743A207063622D3E73746174C2
:10D880006520213D20434C4F534544007063622D79
:10D890003E6C697374656E65722D3E61636365707D
:10D8A0007420213D204E554C4C0000007063622DC9
:10D8B0003E736E645F71756575656C656E203E20A4
:10D8C000300000006E6F207365676D656E742074A4
:10D8D0006F20667265650000F0B581B0B0B1856FEC
:10D8E000D0F884606F7B04460020A06706B32069EF
:10D8F00021462A460023B04710F10D013AD0C0B2AC
:10D90000E8B1A567FB2460B201B0F0BD42F6A050BB
:10D9100043F24933C0F6010018A1C0F6010340F2FA
:10D92000096204F0B9FFF02460B201B0F0BD00BF9D
:10D930002989204600F058FD2846FBF74FFBB80622
:10D9400014D5208DB0F5066F1CBF01302085D4F8AA
:10D9500084705FB120692146002200230024B8476B
:10D960000D3008BFF32460B201B0F0BD002460B2F6
:10D9700001B0F0BDF32460B201B0F0BD7463705F1C
:10D9800070726F636573735F726566757365645FEC
:10D99000646174613A20696E76616C6964207063B9
:10D9A000620000002DE9F04F81B00446007D03289D
:10D9B0000DD842F6A05043F2F953C0F601000FF61D
:10D9C000C401C0F6010340F27C4204F065FF40F25E
:10D9D000B82AC2F2000A9AF80000C0066ED5606D3F
:10D9E000DAF81430B4F86070A66DC11A0FD4DAF802
:10D9F0001820984201D1B01A09D4964228D1DAF8F9
:10DA00000C003946C0893246B84230460FD9DAF8A0
:10DA10000C00C189B4F86200A4F86010884238BFD5
:10DA2000A4F86210DAF818000246C4E91530656CF3
:10DA3000531B002B12DDE843801804D4206D101A0C
:10DA4000002840F38B80204601F014F82DE000BF41
:10DA500039463046656C531B002BECDCBAF80630B7
:10DA600003BBF319084498421CD1B4F930000028D4
:10DA700018D4AA4216D194F84300FF2805D0411CBF
:10DA8000032884F84310C0F08F83B4F93200B4F94E
:10DA9000481091FA50F0A4F84800204600F090FD9C
:10DAA00003E000BF002084F84300606B30B1A16B3D
:10DAB000DAF81820891AB1F1FF3F1BDDBAF8061019
:10DAC000D1B3207D062837D8DAF81400626AC34340
:10DAD0009B1804D40144511A013100296EDD811ACA
:10DAE000B1F1FF3F00F3DB80608B40F00200608308
:10DAF000DBE000BF40F23C31C2F200010968B4F93A
:10DB00003C200027A7EBD206081A10FA86F0B4F9D9
:10DB10003E3011180AB2A187010448BF4042A0EB71
:10DB200093001844E08700EBD200A4F8400067633C
:10DB3000BAF806100029C4D1DAF81400616A421A52
:10DB400005D4228D1144401A0130012803DB608B7B
:10DB500040F00200608301B0BDE8F08F618B4807A0
:10DB600009D5B4F84A0021F00401A4F848000020C7
:10DB70006183A4F86A00B4F93C00E78F002507EB45
:10DB8000D000277DA4F84250042FA4F8400062641E
:10DB9000C0F0A982B4F84800B4F84A20904280F05E
:10DBA000918209059AB24FF00101638E58BF02219C
:10DBB000594389B28A4238BF114690E2DAF82850B8
:10DBC000171A6DB942F6A05043F2F953C0F601009E
:10DBD0000FF2CC61C0F6010340F2945204F05CFEF7
:10DBE0004FF6FF7087420DD342F6A05043F2F9532F
:10DBF000C0F601000FF2B861C0F6010340F2955281
:10DC000004F04AFEDAF82800BEB20089864210D934
:10DC100042F6A05043F2F953C0F601000FF2A061A2
:10DC2000C0F6010340F2975204F036FEDAF82800FD
:10DC30000089BAF82C106A89C91B9642AAF82C10E0
:10DC400022D9C01B002100BF288169812D68B21A2A
:10DC50006B8996B29E4217D9288169812D68D21AA4
:10DC60006B8996B29E420FD9288169812D68D21A9C
:10DC70006B8996B29E4207D9288169812D68D31A93
:10DC80006A899EB29642DFD828463146FBF7AEFB42
:10DC9000626ADAF83000CAF8142042601046238D18
:10DCA000411C1344CB1A002B06DD204601B0BDE811
:10DCB000F04F00F0DFBE00BF904240F05581DAF82F
:10DCC0003000BAF82C508089F7F7E6FC800718BFBF
:10DCD0000135208DA9B28142AAF806504DD9DAF853
:10DCE00030008089F7F7D8FCDAF8302001469089B7
:10DCF000C9070BD020F47C55F7F7CEFC00F03E00AE
:10DD0000F7F7CAFCDAF8301028438881218DAAF889
:10DD10002C10F7F7C1FCBAF82C10800744BF01396A
:10DD2000AAF82C10DAF8280089B2FBF7B1FADAF871
:10DD30003000BAF82C508089F7F7AEFC616A228D6A
:10DD4000800701EB0200DAF8141018BF013511FA50
:10DD500085F18142AAF806500FD042F6A05043F256
:10DD6000AD4143F2F953C0F60100C0F60101C0F61F
:10DD7000010340F2CC5204F08FFD606F68B1DAF815
:10DD800030008089F7F788FC656FC00740F0AC80F1
:10DD9000002D40F0BB8000256567DAF81420BAF842
:10DDA0000600218D02448142626212D242F6A050E6
:10DDB00043F2694143F2F953C0F60100C0F6010194
:10DDC000C0F6010340F2076204F066FDBAF80600EF
:10DDD000218D081A2085204601F0C2FCDAF82800BF
:10DDE000018900291EBFCAF81C000020CAF82800BB
:10DDF000DAF830008089F7F74FFCC00705D09AF8B1
:10DE0000010040F020008AF80100656F002D00F04D
:10DE10004B8143F2884943F2F95BC0F60109C0F631
:10DE2000010B002609E000BF28686067284600F063
:10DE3000FDFD656F002D00F03781E868626A41687A
:10DE4000914240F0318180892F89CAF81410F7F788
:10DE500023FC616A8007394418BF0131E868278DC7
:10DE60008089B5F808806162F7F716FC800718BF53
:10DE700008F10108B84509D942F6A050C0F60100E2
:10DE8000494640F22C625B4604F006FDE8682F89A3
:10DE90008089F7F701FC218D8007A1EB070120465F
:10DEA00018BF0139218501F05BFC6968088940B120
:10DEB000DAF81C0000280CBFCAF81C10FAF78CFE18
:10DEC0006E60E8688089F7F7E7FBC007ACD09AF886
:10DED0000100217D40F0200004298AF8010004BFE0
:10DEE00007202075A0E700BF002D3FF456AF28683B
:10DEF0006067284600F09AFD656FF5E72E682846B2
:10DF000000F094FD002E35463FF445AFEA68DAF89C
:10DF10001400BAF8063051682F8903440F44DF1B00
:10DF200000F146819089F7F7B7FBC007E6D0DAF831
:10DF300030008089F7F7B0FB8007DFD4DAF83000D3
:10DF400086890120F7F7A8FBDAF830103043888182
:10DF5000BAF82C6080B2F7F79FFB800718BF013634
:10DF6000AAF80660CAE700BFA04658F8746F002EF2
:10DF700000F0EC80002500BF002E3FF496AEF26862
:10DF800037465368984200F0FD804DB1EE687668E0
:10DF9000F643361809D4CE1A002E06DC44E100BF41
:10DFA000C61AB6F1FF3F40F35B813E683D46002E46
:10DFB000E2D1C31A012B3D46DEDB9089F7F76CFBFB
:10DFC000C0077FF472AE0AF1240000F0FFFC0028C5
:10DFD00038603FF46AAEF8683A894168DAF81400AC
:10DFE0000A44121A012A07DB411A7868398189B27A
:10DFF000FBF74EF9DAF81400BAF80610626A238DBE
:10E000000844D118401A0128FFF64FAE3868C0689E
:10E010008089F7F741FB3968C0070DD0C86880894F
:10E0200020F47C55F7F738FB00F03E00F7F734FB9F
:10E0300039682843CA689081606A228DDAF8143002
:10E040001044C21A48680A8191B2FBF721F9386876
:10E05000C16805898889F7F71FFB616A228D8007EF
:10E0600001EB0200DAF8141018BF013511FA85F13E
:10E070008142AAF806503FF418AE42F6A05043F28F
:10E08000AD4143F2F953C0F60100C0F60101C0F6FC
:10E09000010340F2F96204F0FFFB204601B0BDE845
:10E0A000F04F00F0E7BC00BF608BC1070EBF40F02F
:10E0B000010040F0020020F00100608301B0BDE8E3
:10E0C000F08F00BFB4F96A1091FA53F18AB282421C
:10E0D000A4F86A1007D30A1A618EA4F86A2090FA8D
:10E0E00051F0A4F84800D4E91B212046FDF7A6FD15
:10E0F000E16E024620672046FDF7A0FD216F002259
:10E10000E066002908BF4FF0FF32228600282577FD
:10E1100004BF0022A4F86820B4F86430BAF808708C
:10E12000628B3B441705A4F864307FF5BEACC9B1DF
:10E13000C868E56C4068F7F7ADFA281A00283FF781
:10E14000B4AC608B20F400606083AEE40AF124007C
:10E1500000F03CFCC8F80000204601B0BDE8F04FDC
:10E1600000F088BC48B1C068E56C4068F7F792FAE7
:10E17000281A00283FF799AC628B22F40060608374
:10E1800093E400BFBAF82C00398988427FF68DAD40
:10E190000AF1240000F01AFC00283FF486AD002D9F
:10E1A00018BFA84663E000BF02283FF476AC7CE4C9
:10E1B0005A1A012AFFF6F0ADDAF83020091A9089D0
:10E1C000AAF82C10F7F768FABAF82C10800744BFA9
:10E1D0000139AAF82C10DAF8280089B2FBF758F8B0
:10E1E000DAF83000BAF82C608089F7F755FA800722
:10E1F00018BF0136E868DAF81410406811FA86F1A1
:10E200008142AAF806603FF4C7AD42F6A05043F23F
:10E21000F953C0F601002EA1C0F6010340F2FD52F1
:10E2200004F03AFBB8E500BF0AF1240000F0CEFB91
:10E2300000283FF43AAD8046E8682A894068DAF859
:10E2400014100244521A012A05DB091A6868298150
:10E2500089B2FBF71DF8C5F80080404609E000BF11
:10E260000AF1240000F0B2FB00283FF41EADC8F80C
:10E2700000003946FEF730FB204601B0BDE8F04F04
:10E2800000F0F8BB7463705F726563656976653A28
:10E290002077726F6E6720737461746500000000F0
:10E2A000696E7365672E7020213D204E554C4C00E1
:10E2B000696E73616E65206F666673657421000018
:10E2C0007062756620746F6F2073686F72742100BE
:10E2D0007463705F726563656976653A207365671C
:10E2E0006D656E74206E6F74207472696D6D6564F7
:10E2F00020636F72726563746C7920746F206F6F26
:10E300007365712071756575650A0000002808BF86
:10E310007047B0B50446007D0D4601280CD142F689
:10E32000A05043F24933C0F6010006A1C0F6010334
:10E3300040F2DF7204F0B0FAC4F88450BDE8B04097
:10E34000704700BF696E76616C696420736F636BA0
:10E35000657420737461746520666F7220726563E2
:10E36000762063616C6C6261636B000010B559B11B
:10E370001446CAB122890846114600F035F82046F5
:10E38000FAF72CFE11E000BF42F6A05043F24933E9
:10E39000C0F601000DA1C0F601034FF4D36204F0F2
:10E3A0007BFAF02040B210BD13B1002040B210BD86
:10E3B000087D012803D0488B40F0100048830846B0
:10E3C0000121BDE81040FCF7F5BF00BF7463705F2A
:10E3D000726563765F6E756C6C3A20696E76616CFF
:10E3E0006964207063620000B0B5E8B30446007D44
:10E3F0000D4601280CD142F6A05043F24933C0F635
:10E4000001002FA1C0F6010340F2D33204F044FA18
:10E41000208D284481B28142084618BF4FF406601F
:10E42000B1F5066F88BF4FF40660658E626AE16AD7
:10E43000B5F5866F28BF4FF4866513180D445D1B34
:10E44000B5F1FF3F20851FDD591AB1F5067F6085C4
:10E4500038BFB0BD608B40F0020120466183BDE84B
:10E46000B040FEF77FBA00BF42F6A05043F24933F6
:10E47000C0F601001CA1C0F6010340F2CF32BDE896
:10E48000B04004F009BA00BF501A012802DB002096
:10E490006085B0BD8D1AB5F5803F0FD342F6A05010
:10E4A00043F2783143F24933C0F60100C0F601016E
:10E4B000C0F6010340F2B63204F0EEF96585B0BD56
:10E4C000646F6E27742063616C6C207463705F727C
:10E4D000656376656420666F72206C697374656E1F
:10E4E0002D706362730000007463705F7265637601
:10E4F00065643A20696E76616C69642070636200BD
:10E50000F0B581B0044618B1266F86B930E000BF7F
:10E5100042F6A05043F25E73C0F6010022A1C0F69D
:10E52000010340F2C16204F0B7F9266F06B37068C8
:10E53000807B01281CD1274657F86C0F3168796021
:10E54000D0B100BFC0684068F7F7A4F8F16805468D
:10E5500049680846F7F79EF8281A3968B0F1FF3F76
:10E560000CDC08680F460028ECD100200F4606E0BE
:10E57000FA2040B201B0F0BD002000E00846306053
:10E580003E603068002804BF0020A4F8680094F8BA
:10E590004200FF281CBF013084F842000020606365
:10E5A00040B201B0F0BD00BF7463705F7265786DFA
:10E5B00069743A20696E76616C69642070636200E8
:10E5C00010B5044610B1206F80B910BD42F6A050BE
:10E5D00043F25E73C0F6010018A1C0F6010340F2D9
:10E5E000F96204F059F9206F0028EED0608B4007E3
:10E5F00048BF10BD2046FFF783FF0028E5D1B4F8DF
:10E600004800B4F86030984238BF0346608E59081D
:10E610004200B2EB530FA4F84A1084BFA4F84A207A
:10E62000114600EB40000844618BA4F8480041F01B
:10E63000040060830020208610BD00BF7463705FFB
:10E640007265786D69745F666173743A20696E767D
:10E65000616C69642070636200000000F0B581B0F5
:10E66000044618B3206F002875D0016805460029BC
:10E6700041D005466A68927B012A6CD10D68CDB302
:10E680004968897B012966D12968A1B36A68927BB0
:10E69000012A60D10D68002D58D04968897B012975
:10E6A00059D129680029E5D125E000BF42F6A050E4
:10E6B00043F25E73C0F6010028A1C0F6010340F2E8
:10E6C000AD6204F0E9F8002000F076F8002842D1AD
:10E6D00042F6A05043F23B7143F25E73C0F6010074
:10E6E000C0F60101C0F601034FF4D36204F0D4F880
:10E6F0001FE000BF0D466968897B01292BD1E16EBF
:10E70000E0662960618B002641F400606083E86860
:10E7100026674068F6F7BEFFE9682F8989890546B4
:10E720000846F6F7B9FFE919800718BF0131E1641F
:10E73000666394F84200FF281CBF013084F8420051
:10E74000204601B0BDE8F040FEF70CB90D466968FF
:10E75000897B0129D3D001B0F0BD00BF7463705F25
:10E760007265786D69745F72746F3A20696E766154
:10E770006C6964207063620010B5044678B942F693
:10E78000A05043F23B7143F25E73C0F60100C0F645
:10E790000101C0F601034FF4D36204F07DF894F850
:10E7A0004200FF281CBF013084F842002046BDE82B
:10E7B0001040FEF7D7B80000F0B581B0044618B19C
:10E7C000206F88B959E000BF42F6A05043F25E7353
:10E7D000C0F601002BA1C0F6010340F2636204F011
:10E7E0005BF8206F002848D001680546C9B105468E
:10E7F0006A68927B012A40D10D689DB34968897B84
:10E8000001293AD1296861B16A68927B012A34D121
:10E810000D686DB34968897B01292ED129680029CB
:10E82000E6D16968897B012927D1E16EE06629601C
:10E83000618B002641F400606083E86826674068C9
:10E84000F6F728FFE9682F89898905460846F6F713
:10E8500023FFE919800718BF0131E164666370B2D4
:10E8600001B0F0BD0D466968897B012905D1DCE75F
:10E870000D466968897B0129D7D0FA2670B201B0AC
:10E88000F0BD00BF7463705F7265786D69745F720C
:10E89000746F5F707265706172653A20696E76613F
:10E8A0006C696420706362002DE9F04784B00E9EAD
:10E8B000DDE90C94984617460D46824683B3B9F1BC
:10E8C000000F0CD142F6A05043F25E73C0F6010077
:10E8D00037A1C0F6010340F2C57203F0DDFF284600
:10E8E000F6F7D8FE024646F208001421CDE90110E1
:10E8F0003846002123460096FEF744FA10B3074637
:10E90000BAF1000F22D09AF8080048B3F9F796FB45
:10E91000044658BB384604B0BDE8F047FAF75EBB82
:10E9200042F6A05043F25E73C0F6010019A1C0F692
:10E93000010340F2C47203F0AFFFB9F1000FCED172
:10E94000C0E700BF04B0BDE8F08700BF4846F6F757
:10E9500041FC0028DED004460020FF230AE000BF6F
:10E960004846F6F737FC04460028D3D09AF80A0048
:10E970009AF80B300621CDE90001384641464A4657
:10E980000294F6F76DF8384604B0BDE8F047FAF7A0
:10E9900025BB00BF7463705F7273743A20696E7632
:10E9A000616C6964206C6F63616C5F69700000006A
:10E9B0007463705F7273743A20696E76616C696417
:10E9C0002072656D6F74655F69700000B0B50446B4
:10E9D00060B942F6A05043F24933C0F601000CA1E1
:10E9E000C0F6010340F2826203F056FF0320F8F7FD
:10E9F00077FB054648B121686068E268A368EA6071
:10EA0000AB6029606860FAF7CFFC2846B0BD00BF54
:10EA10007463705F7365675F636F70793A20696EC6
:10EA200076616C696420736567000000002808BF88
:10EA3000704710B504464068002818BFFAF7CEFAB0
:10EA400003202146BDE81040F8F7C4B8B0B500284F
:10EA500008BFB0BD044600BFD4E90050002818BF6D
:10EA6000FAF7BCFA03202146F8F7B4F8002D2C463B
:10EA7000F2D1B0BD2DE9F04184B0044600B3206D61
:10EA8000F6F708FE616A278BE38A668D024610203E
:10EA9000CDE90070084600210296FEF773F90028C0
:10EAA00050D00546606A618D271D0144207AE162DD
:10EAB00000284BD0F9F7C2FA064600284BD163E094
:10EAC00042F6A05543F25E76C0F60105C0F6010697
:10EAD00033A1284640F2EA72334603F0DDFE5020AF
:10EAE0000068F6F7D7FD43F216710746C0F601013C
:10EAF000284640F24272334603F0CEFE16210B88C0
:10EB000018214FF0240809882A26D8F800003588F3
:10EB10001022CDE9001200213A460295FEF732F9A3
:10EB200080B10546D8F800003188042708442C211C
:10EB300008600420F6F74EFB30B306460020FF23A2
:10EB40000BE000BF608BFE2623E000BF3846F6F7DF
:10EB500041FB0646C0B1A07AE37A0621CDE9000167
:10EB6000284621463A460296F5F77AFF0646284699
:10EB7000FAF734FA66B9608B002620F00300608350
:10EB800070B204B0BDE8F0812846FAF727FAFC26F7
:10EB9000608B40F00300608370B204B0BDE8F08188
:10EBA0007463705F73656E645F656D7074795F61C7
:10EBB000636B3A20696E76616C69642070636200F1
:10EBC00070B5044610B1E06E80B922E042F6A05064
:10EBD00043F25E73C0F6010018A1C0F6010340F2D3
:10EBE000EB3203F059FEE06E98B100BF01680546B4
:10EBF00049B108680D4630B10168054619B1086889
:10EC00000D460028F2D1E8688089F6F745FD4007F7
:10EC100006D020460121BDE87040FCF72BBE00BFA6
:10EC2000E86886890120F6F737FDE968628B304392
:10EC3000888142F020010020618370BD7463705FA1
:10EC400073656E645F66696E3A20696E76616C69A1
:10EC50006420706362000000002808BF7047B0B5F0
:10EC60000446007D0D4601280CD142F6A05043F227
:10EC70004933C0F6010006A1C0F6010340F2F37269
:10EC800003F00AFEC4F88050BDE8B040704700BFF2
:10EC9000696E76616C696420736F636B6574207351
:10ECA0007461746520666F722073656E7420636191
:10ECB0006C6C6261636B0000B0B538B10446007DD6
:10ECC000012813D1F52568B2B0BD00BF42F6A050AF
:10ECD00043F24933C0F6010019A1C0F6010340F226
:10ECE000072203F0D9FDF02568B2B0BD51B1608BA9
:10ECF00040F010006083BAB120460121BDE8B04069
:10ED0000FCF758BBC2B107284FF0F50515D8012113
:10ED100001FA00F010F0980F0FD020460021BDE856
:10ED2000B040FCF747BB00BFA06F002528B1FAF741
:10ED300055F968B2A567B0BD002568B2B0BD00BF87
:10ED40007463705F73687574646F776E3A20696E70
:10ED500076616C6964207063620000002DE9F04FF9
:10ED600085B040F22838C2F20008D8F81400D8F86C
:10ED70000CB00130C8F8140098F80100BBF1000F86
:10ED800000F1010088F8010000F0408242F6A05531
:10ED900043F2493944F6D3560020C0F60105C0F6C7
:10EDA0000109C1F26206049008E000BFDBF80C40E4
:10EDB000CDF810B0002CA34600F028829BF8140078
:10EDC000A0B101281ED128460FF2505140F2BF4297
:10EDD0004B4603F061FD9BF814000A2814D09BF801
:10EDE0001E1098F801008142E0D01BE028460FF287
:10EDF000005140F2BE424B4603F04EFD9BF814001A
:10EE00000128E0D00A28EAD128460FF23C514FF4FD
:10EE100098624B4603F040FD9BF81E1098F80100E5
:10EE20008142C3D09BF814209BF84210022A8BF831
:10EE30001E0003D1052903D91AE000BF0B2917D8FA
:10EE40009BF89900E0B1DBF8700048B143F2FE2175
:10EE50002846C0F6010140F2D4424B4603F01CFDA7
:10EE6000DBF86C0000285FD09BF89A000B2869D96A
:10EE700001279BF81400062800F0A080AAE000BF3C
:10EE8000BBF8300047F6FE7188429CBF0130ABF8FA
:10EE90003000BBF9401000B2884265DB5846FFF7EE
:10EEA0008BFC38B1DBF8700000285DD1DBF86C001A
:10EEB000002859D09BF81400022818D09BF8420073
:10EEC00043F6E5230C2828BF0C20BBF93C10BBF906
:10EED0003E20C0F60103185C02EBE10101FA00F0EC
:10EEE00047F6FF718842A8BF0846ABF84000BBF860
:10EEF0004800BBF86010BBF832200027ABF8307038
:10EF0000884238BF0146500080B2B0EB510F38BF85
:10EF10004808ABF84A005846ABF84820ABF86A708E
:10EF2000FFF72AFC46E000BF43F292312846C0F6C4
:10EF3000010140F2D5424B4603F0AEFC9BF89A002B
:10EF40000B2895D89BF8991043F6F222C0F60102DF
:10EF500011449BF8980011F8011C88423CBF013015
:10EF60008BF89800884205D200279BF814000628E9
:10EF700024D02FE0BBF86010584639B100F0FCF9FE
:10EF800040B95846FDF7EEFC20B9EDE700F0FEFF72
:10EF90000028E9D19BF89900002706288BF8987083
:10EFA00008D801308BF8990000279BF81400062838
:10EFB00010D103E09BF8140006280BD1BBF81A10FF
:10EFC000C90607D5D8F81410DBF82020891A28299B
:10EFD00088BF01379BF80910090733D5072801D0EE
:10EFE00004282FD1DBF8940044F6B843D8F8141065
:10EFF000DBF82020C0F20A030344A3FB0635891A7C
:10F00000B1EB551F08D901374FF0000ADBF87490B7
:10F01000B9F1000F1DD139E09BF89B2042F29F43CC
:10F020005A4300EBC200A0FB0602B1EB521F09D904
:10F030005846FDF7E3F928B99BF89B0001308BF89F
:10F040009B0000BF4FF0010ADBF87490B9F1000F8C
:10F050001CD0D8F81400DBF82010BBF94020401A6F
:10F0600002EB4201B0EB410F10D300BFD9E90040E1
:10F07000002818BFF9F7B2FF03204946F7F7AAFDA9
:10F08000002CA146F2D10020CBF874009BF81400AC
:10F09000032803D0092869D1F02000E02820D8F8FF
:10F0A0001410DBF8202042F6A05543F24939C0F68F
:10F0B0000105C0F60109891A814288BF0137002F76
:10F0C0005ED04446B046DBF8906058465746FDF7A0
:10F0D00097FF0499E068A246002977D0834509D1BB
:10F0E00043F2C7312846C0F6010140F26D524B464B
:10F0F00003F0D2FBDBF80C000499C86087B9BBF8B9
:10F100001600DBF82420DBF85010BBF818700BF168
:10F110000403CDE9003058465B460297FFF7C4FB75
:10F120009BF81400DBF80C40DBF81070012808D1C4
:10F1300043F2BE212846C0F60101D4224B4603F01B
:10F14000ABFB01205946F7F745FD002E4FF00000BC
:10F150008AF800004ED038466FF00C01B0479AF89C
:10F1600000004646D04638BB24E600BF42F6A05514
:10F1700043F24939C0F60105C0F60109002FA0D1BC
:10F180009BF81C009BF81D100130DBF80C40C2B24C
:10F190008A428BF81C00FFF40BAEDBF88C200020B9
:10F1A0008BF81C0088F800005AB3DBF810005946B1
:10F1B000904798F8001009B3D8F80CB00020BBF1C4
:10F1C000000F04907FF4FAAD20E000BF584509D04D
:10F1D00043F2F2312846C0F6010140F271524B462B
:10F1E00003F05AFBDBF80C00CAF80C00002F3FF4C8
:10F1F00086AF95E74646D046DCE500BF00287FF4A1
:10F20000D7AD5846FDF7AEFBD2E500BFD8F8105099
:10F21000002D69D042F6A05443F2493643F2BE2A8B
:10F2200043F2CF274FF0000BC0F60104C0F60106F1
:10F23000C0F6010AC0F6010707E000BFD5F80C9040
:10F24000AB46B9F1000F4D464ED0287D0A2806D0B6
:10F250002046394640F2A152334603F01DFBD8F850
:10F260001400296A401AF128E8D32846FDF7C8FEA1
:10F27000D8F81000BBF1000F22D0854209D143F22B
:10F280001C412046C0F6010140F2AF52334603F064
:10F2900003FBE868CBF80C00D5F80C90287D01281A
:10F2A00005D120465146D422334603F0F5FA012019
:10F2B0002946F7F78FFCB9F1000F4D46C5D113E091
:10F2C000A84209D043F243412046C0F6010140F272
:10F2D000B352334603F0E0FAD5F80C90C8F810901A
:10F2E000287D0128DDD0E2E705B0BDE8F08F00BF42
:10F2F0007463705F736C6F77746D723A20616374BE
:10F30000697665207063622D3E7374617465202197
:10F310003D20434C4F5345440A0000007463705F26
:10F32000736C6F77746D723A2061637469766520CF
:10F330007063622D3E737461746520213D204C49D9
:10F340005354454E0A0000007463705F736C6F770E
:10F35000746D723A20616374697665207063622D02
:10F360003E737461746520213D2054494D452D57ED
:10F370004149540A000000002DE9F04F83B00446D3
:10F3800000280D4600F0B280E66E002E00F0BF802F
:10F39000002D00F0C1803089A84240F2CF80618EFC
:10F3A000A9421CD242F6A05043F25E73C0F601009F
:10F3B00072A1C0F6010340F25B3203F06DFA3089AE
:10F3C00068B942F6A05043F25E73C0F601006FA127
:10F3D000C0F601034FF4577203F05EFA308996F8D5
:10F3E0000AB0042101EA8B07A0EB050A0AEB07002B
:10F3F00081B236204FF42072F9F7F6FA002800F0B7
:10F40000A6808146706832890189D9F80430294480
:10F410008A1AD9191FFA8AF793B23A46F9F762FDA8
:10F42000B84240F09180F0688089F6F735F90746D8
:10F4300000F00802F06807F001014068CDE9012101
:10F4400001EB0208F6F726F94319204649464246E1
:10F45000CDF800B0FCF728F9002875D001990546D1
:10F460003720002908BF3F20074002980028706815
:10F4700018BF07F03E07F9F719FCB4F86610726878
:10F48000081A1189A4F86600A1EB0A0081B210469F
:10F49000F9F7FEFE3089F168A0EB0A00B1F80C80A4
:10F4A00030813846F6F7F8F840EA0801F2687068EB
:10F4B0009181F9F7FBFBB4F8661001446868A4F881
:10F4C0006610F9F7F3FB3268B4F866102A6035600D
:10F4D00008442968A4F8660000294FF0000008BF1E
:10F4E000A4F8680040B203B0BDE8F08F42F6A05027
:10F4F00043F25E73C0F6010017A1C0F6010340F2AB
:10F500004B3203F0C9F9E66E002E7FF441AFFF20C5
:10F5100040B203B0BDE8F08F42F6A05043F25E73F4
:10F52000C0F601001DA1C0F6010340F2533203F002
:10F53000B3F9FA2040B203B0BDE8F08F002040B22A
:10F5400003B0BDE8F08F00BF4846F9F747FDFF2044
:10F5500040B203B0BDE8F08F7463705F73706C6984
:10F56000745F756E73656E745F7365673A20696E5C
:10F5700076616C69642070636200000073706C696E
:10F5800074203C3D206D7373000000007573656747
:10F590002D3E6C656E203E203000000043616E27DA
:10F5A000742073706C6974207365676D656E742068
:10F5B000696E746F206C656E67746820300000009F
:10F5C000B0B540F2EC25C2F20005287800B1B0BD1C
:10F5D00040F2343040F23831C2F20000C2F2000191
:10F5E00000680968084308BFB0BD01202870FAF719
:10F5F0006BFF04460A20F7F773FD38B3002340F28F
:10F60000A921C0F6010103608160696804F1FA0272
:10F610004260C36061B34B68D31A2BD40B686BB3E1
:10F620005D68551B30D41968A1B34D68551B32D4A1
:10F630000B681BB35D68551B26D4196851B34D6820
:10F64000551BB5F1FF3F1D46E8DC19E042F6A0501E
:10F6500043F61D1143F6E903C0F60100C0F60101AF
:10F66000C0F60103BE22BDE8B04003F015B900BFEB
:10F670006860B0BD01606860B0BD00BF0D4600218C
:10F6800001602860B0BD00BF0D46194601602860CA
:10F69000B0BD00BF00211D4601602860B0BD000064
:10F6A00010B584B040F2B822C2F2000211784B07C4
:10F6B00022D48B0708D4C90712D040F23C31C2F2E1
:10F6C0000001096801620BE0D2F814C0416ABCEB8A
:10F6D000010305D4038D1944ACEB010100290DDDB4
:10F6E000D18849B1418B41F00201418304B0BDE8AA
:10F6F0001040FDF737B900BF04B010BDD368916961
:10F70000D288B3F802E0624440F2147CC2F2000CEA
:10F710001C880CF11003CDE9003E0CF11403029497
:10F72000FFF7C2F804B010BD80B5FCF7DDF94AF66A
:10F730007770C2F2000001780131CA07017008BF7A
:10F7400080BDBDE88040FFF709BB000040F2B82053
:10F75000C2F20000417841F0100141707047000092
:10F76000B0B5044660B942F6A05043F24933C0F642
:10F7700001001AA1C0F6010340F2A63203F08CF892
:10F78000658E616AE06A228DB5F5866F28BF4FF4F9
:10F7900086658B1805445D1B02D4181A6285B0BDBE
:10F7A0000A1A012A02DB00206085B0BD451AB5F5B2
:10F7B000803F0FD342F6A05043F2783143F24933F1
:10F7C000C0F60100C0F60101C0F6010340F2B632F6
:10F7D00003F062F800206585B0BD00BF7463705F00
:10F7E0007570646174655F7263765F616E6E5F777A
:10F7F0006E643A20696E76616C69642070636200A1
:10F800002DE9F04F91B004460020ADF842004CB312
:10F810000D46608EB4F862100646B0EB510F28BF5B
:10F820004E08002E08BF064665B3217DF520072946
:10F8300013D89246012202FA01F111F09C0F0CD06C
:10F840009946BAF1000F60D0B4F8640050452FD249
:10F85000608B40F080006083FF2040B211B0BDE8B3
:10F86000F08F00BF42F6A05043F2FF6143F25E7397
:10F87000C0F60100C0F60101C0F601034FF4CF72DB
:10F880000EE000BF42F6A05043F22B6143F25E73DC
:10F89000C0F60100C0F60101C0F601034FF4D772B3
:10F8A00002F0FAFFF02040B211B0BDE8F08F00BFC7
:10F8B000B4F86610092905D3608B40F0800060839E
:10F8C000B4E200BF206F79B1F8B9E06EE8B942F652
:10F8D000A05043F25E73C0F601000FF22861C0F63B
:10F8E00001034FF4AB720EE008B9E06E68B142F666
:10F8F000A05043F25E73C0F601000FF24461C0F6FF
:10F90000010340F2591202F0C7FF214651F86C0F73
:10F91000CDE90C65069131F8061C00280F9169D0DD
:10F920000168834649B108688B4630B10168834657
:10F9300019B108688B460028F2D19BF80A100422FE
:10F94000BBF8080002EA81052918B1420FD942F636
:10F95000A05043F25E73C0F601000FF21861C0F6CA
:10F9600001034FF4F37202F097FFBBF8080028443C
:10F97000B4F86850A6EB0008002DADF8425055D001
:10F980001FFA88F6B5420FD942F6A05043F2BA7179
:10F9900043F25E73C0F60100C0F60101C0F6010338
:10F9A0004FF4FC7202F078FF5545514638BF2946A6
:10F9B0008E4238BF3146681AA8EB0108ADF8420004
:10F9C0003AD00D4651450FD042F6A05043F6930170
:10F9D00043F25E73C0F60100C0F60101C0F60103F8
:10F9E0004FF4007202F058FF5F46294651450991D5
:10F9F00026D361E0B4F8680078B142F6A05043F233
:10FA0000B16143F25E73C0F60100C0F60101C0F6B9
:10FA1000010340F24B2202F03FFF0020099000203A
:10FA2000002600274FF0000B48E000BF0027002110
:10FA30005145099104D33FE05F46514509913BD2BE
:10FA40005FEA084038D0BBF80800A8B309981FFA4D
:10FA500088F2AAEB00069642A8BF16465FEAC97074
:10FA600040F0B281DBF804100A6808464AB1116818
:10FA7000104631B10A6808461AB1116810460029CB
:10FA8000F2D1017B3F2906D84168408908440D998D
:10FA9000884200F01F82B1B200200122F8F7A4FFD3
:10FAA000002800F0BB8101460D98DDF82480089104
:10FAB0004044486008469FE10020099E04900020D1
:10FAC0000890B0B250450E94CDF81C9080F0C880DC
:10FAD00009F001000B9009F00200002400250590B8
:10FAE000CDF828A009E000BFA84627604E44B0B278
:10FAF00050453C46454680F0B5800C99AAEB06007F
:10FB000080B28946884238BF81460B9A1FFA86FA2E
:10FB100072BBBDF8420078B142F6A05043F2E061FA
:10FB200043F25E73C0F60100C0F6010140F271229B
:10FB3000C0F6010302F0B0FE362049460122F8F774
:10FB400053FF002800F0128180460D980021504498
:10FB5000C8F8040036204FF42072F8F745FF00285B
:10FB600000F0018141460746F9F736F845E000BF4D
:10FB70008142484616D9059868B90E98408B4006D0
:10FB800048460FD43DB90698006820B90E98006F1A
:10FB90000028484606D009F21B2020F003008842C6
:10FBA00028BF084681B236204FF42072F8F71CFFB8
:10FBB000002800F0DB800746006878B142F6A050CC
:10FBC00043F60F0143F25E73C0F60100C0F6010177
:10FBD00040F20B12C0F6010302F05EFE78890D9927
:10FBE000A0EB0900ADF84200786851444A46A7F8F6
:10FBF0000890A7F80A90F0F739FB3846F9F756F85D
:10FC00000F99014488B209280F9100F2AB800E9839
:10FC10000022C16D01EB0A03394600270097FBF76C
:10FC200043FD002800F0A280DDF828A00746002D43
:10FC300080463FF45BAF002C7FF456AF42F6A050F5
:10FC400043F2EE6143F25E73C0F60100C0F60101BB
:10FC500040F2AB22C0F6010302F01EFE44E700BFF3
:10FC60004FF00008099DDDF8389045B1DBF80440FD
:10FC70000D9E44BBBBF808002844ABF80800089C64
:10FC8000BDF84200A9F8680084B3BBF1000F0FD1A2
:10FC900042F6A05043F6B10143F25E73C0F6010094
:10FCA000C0F60101C0F6010340F2E12202F0F4FDCA
:10FCB000DBF804002146F8F78FFF2589079CC4E094
:10FCC00000280446D6D021892068294400282181B3
:10FCD000F6D1606861892A4608443146F0F7C6FAD1
:10FCE0006089411920686181EAE700BF049D28040A
:10FCF00000F08C80079CBBF1000F02D0DBF8040001
:10FD000088B942F6A05043F2DA7143F25E73C0F64E
:10FD10000100C0F60101C0F6010340F2E72202F043
:10FD2000BBFDDBF804000168002900F0888002892F
:10FD30002A4402810868002800F07E800B8902684E
:10FD40002B44002A0B817AD0018929440181106853
:10FD5000002873D0138901682B4400291381E6D150
:10FD60006DE000BFB8464046F9F738F90E9C608B4D
:10FD700040F0800108986183002818BFF9F72EF938
:10FD800015B12846FEF762FEB4F8660000284DD093
:10FD9000206F00284AD106980068002846D142F614
:10FDA000A05043F6230143F25E73C0F60100C0F693
:10FDB0000101C0F601034FF44A7202F06DFDFF200D
:10FDC00040B211B0BDE8F08F0120B5B202900DF144
:10FDD0004203002029460094CDF80490FDF7AAF8CC
:10FDE000E0B10D99DDF824800746406841442A4679
:10FDF000F0F73CFA38460897F8F758FF0F99014496
:10FE000000200F91049046445F465AE6DDE906045F
:10FE1000BBF1000F18BF58461DE000BF608B40F0DB
:10FE200080006083B4F866000028B1D1FF2040B2A2
:10FE300011B0BDE8F08F00BF084600E01046018910
:10FE400042892944018151194181BBF808002844A5
:10FE5000ABF808005846D9F85C10C0F8008001EBF8
:10FE60000A00B9F86410C9F85C00A1EB0A000F9908
:10FE7000A9F864000804A9F8661015D0D9F8700034
:10FE800090B90698006878B942F6A05043F623016D
:10FE900043F25E73C0F60100C0F60101C0F6010333
:10FEA00040F2133202F0F8FC7FB1A0074FF00000DF
:10FEB0003FF5D3ACF96800293FF4CFAC8C8908201A
:10FEC000F5F7EAFBF96820438881002040B211B0C1
:10FED000BDE8F08F099878B142F6A05043F29171D5
:10FEE00043F25E73C0F60100C0F60101C0F60103E3
:10FEF00040F2312202F0D0FC0020DDF8248008908E
:10FF0000049680E77463705F77726974653A207055
:10FF100062756673206F6E207175657565203D3E54
:10FF2000206174206C65617374206F6E652071753B
:10FF3000657565206E6F6E2D656D707479000000BB
:10FF40007463705F77726974653A206E6F207062B7
:10FF5000756673206F6E207175657565203D3E2056
:10FF6000626F74682071756575657320656D707456
:10FF7000790000006D73735F6C6F63616C2069734F
:10FF800020746F6F20736D616C6C00002DE9F0437D
:10FF900083B0044690B1E66E06B394F89A00FF2849
:10FFA0001CBF013084F89A00F0688089F5F774FB73
:10FFB000C00719D14FF000091BE000BF42F6A05066
:10FFC00043F25E73C0F601003AA1C0F6010340F6A9
:10FFD0004F0202F061FCE66E002EDED1002460B21A
:10FFE00003B0BDE8F08300BF3089B0FA80F04FEA7B
:10FFF0005019F068E38A4268606A258B678D89F042
:020000040801F1
:1000000001014FF0100CCDE9005C0297FCF7BAFE3D
:1000100090B18046606A618DD8F804500844B9F107
:10002000000FE0620ED0A88920F47C571120F5F76C
:1000300033FB3843A8810FE0FF2460B203B0BDE872
:10004000F08300BF70683389028905F11401D21A68
:1000500093B20122F8F746FFF0684068F5F71AFB03
:10006000216D0130091AB1F1FF3FD8BF2065207A18
:10007000271D28B1F7F7E2FF064630B9FC2410E04F
:100080003846F5F7A7F8064690B1A07AE37A06213C
:10009000CDE90001404621463A460296F4F7E0FCDD
:1000A00004464046F8F79AFF60B203B0BDE8F0831B
:1000B000FC24F6E77463705F7A65726F5F77696E30
:1000C000646F775F70726F62653A20696E76616CFB
:1000D000696420706362000070B582B00D46064608
:1000E000F5F7DCFA40F25824C2F20004204606215B
:1000F000C4E90265FAF7A6F960B142F6A05042F6EB
:100100009373C0F6010013A1C0F6010340F261220F
:1001100002F0C2FB201DFAF7C5F960B142F6A0500B
:1001200042F69373C0F6010013A1C0F6010340F23A
:10013000652202F0B1FB40F29131182617A0C0F6FB
:10014000010100224FF480630096FAF7E9F902B04A
:1001500070BD00BF6661696C656420746F20637256
:10016000656174652074637069705F74687265613D
:1001700064206D626F7800006661696C656420744C
:100180006F20637265617465206C6F636B5F74636D
:100190007069705F636F726500000000746370695E
:1001A000705F74687265616400000000F0B581B032
:1001B000054640F2582091F82D60C2F200000C462E
:1001C000FAF764F916F0180F0CD058B30920F6F7B7
:1001D00087FFD8B300270646077043F69160C0F644
:1001E00000000CE0B0B30920F6F77AFF002845D0F4
:1001F00000270646077044F6AD00C0F600007560A3
:10020000B460F06040F25820C2F200003146FAF7C4
:100210002DF920B109203146F6F7DCFCFF2778B232
:1002200001B0F0BD42F6A05042F6E17142F6937380
:10023000C0F60100C0F60101C0F60103FC2202F085
:100240002BFB0920F6F74CFF0028C3D1FF2778B21B
:1002500001B0F0BD42F6A05042F6E17142F6937350
:10026000C0F60100C0F60101C0F60103FC2202F055
:1002700013FB0920F6F734FF0028B9D1FF2778B225
:1002800001B0F0BD70B5054640F25820C2F2000042
:10029000061D30460C46FAF7FFF82046A8473046C0
:1002A000FAF70EF9002070BD10B5FFF73DFA40F2E5
:1002B000343040F23831C2F20000C2F2000100686E
:1002C0000968084332D0FAF7FFF804460A20F6F727
:1002D00007FF98B3002140F2A92240F2EC23C0F6B8
:1002E00001020160C2F20003C0E90221596804F171
:1002F000FA024260A1B34C68141B33D40B68ABB351
:100300005C68141B38D41968E1B34C68141B3AD4E8
:100310000B685BB35C68141B2ED4196891B34C68EE
:10032000141BB4F1FF3F1C46E8DC21E040F2EC2056
:10033000C2F200000021017010BD00BF42F6A050C3
:1003400043F61D1143F6E903C0F60100C0F60101B2
:10035000C0F60103BE22BDE8104002F09DBA00BF06
:10036000586010BD0160586010BD00BF0C460021F0
:100370000160206010BD00BF0C461946016020607E
:1003800010BD00BF00211C460160206010BD0000B0
:1003900082B040F25824C2F20004251D2846FAF724
:1003A0007BF8A16809B1E068884742F6A05842F698
:1003B000C37942F6937A01AEC0F60108C0F601098E
:1003C000C0F6010A02E000BFFAF708F8FAF762F98E
:1003D0000028F9D0074601300CD12846FAF770F80A
:1003E000204631460022F9F799FF2846FAF754F8DB
:1003F0000EE000BF2846FAF763F8204631463A4639
:10040000F9F78CFF07462846FAF746F8781CDBD048
:10041000019F7FB13878022810D0012812D0C8B9C6
:100420003A1D07CA904710B17868F8F7D7FD092040
:100430000CE000BF4046494691220EE0D7E901108A
:100440008847C3E7D7E90110884708203946F6F7FF
:10045000C1FBBBE740464946CF22534602F01CFA97
:10046000B4E7000070B5054640F25820C2F2000023
:100470000C46FAF70BF838B10820F6F731FEC0B990
:10048000FF2040B270BD00BF42F6A05042F6E171BD
:1004900042F69373C0F60100C0F60101C0F60103F5
:1004A00040F25D1202F0F8F90820F6F719FE002874
:1004B000E6D006460120307040F25820C2F200001B
:1004C0003146C6E90154F9F7D1FF38B10820314669
:1004D000F6F780FBFF2040B270BD00BF002040B2A5
:1004E00070BD00002DE9F04742F69443C0F60103C9
:1004F000002918BF0B46002844D041F2882CC2F2D4
:10050000010C67463F68B7FA87F1002F4FEA511197
:1005100018BF87421BD0FF68B7FA87F1002F4FEA58
:10052000511118BF874212D0FF68B7FA87F1002F28
:100530004FEA511118BF874209D0FF68B7FA87F117
:100540004FEA51111FB1874207F10C07DAD1DCF8ED
:1005500000E04AB3BEF1000F70D0754603E000BF63
:10056000ED68002D6CD08542FAD06C8A9442F7D1A8
:100570002E68F824002E6CD01F68BE4269D0002F70
:10058000EED166E042F6A05043F65A13C0F60100E1
:1005900033A1C0F6010340F2B73202F07DF9F02436
:1005A00060B2BDE8F08700BF40F22C0AC2F2000A38
:1005B000BAF80020BEF1000F34D000254FF6FF79C5
:1005C00043F6FF7896B201324E4504BF4CF200026A
:1005D000CFF6FF727646748A97B2BC4212D0F668A4
:1005E000C6B1748ABC420DD0F6689EB1748ABC4212
:1005F00008D0F66876B1748ABC4203D0F668002E43
:10060000E9D107E0454505F10105DBD3AAF8002053
:1006100004E000BF1404AAF8002011D1F82460B24D
:10062000BDE8F0874FF6FF77BA4202F1010204BF3E
:100630004CF20002CFF6FF72AAF800204FF0000E35
:100640001B680360428239B10024C0F80CE0CCF88A
:10065000000060B2BDE8F087002460B2BDE8F0871A
:100660007564705F62696E643A20696E76616C6968
:10067000642070636200000080B5EFF7E5FD40F292
:100680002C0140F44040C2F20001088080BD00000F
:100690002DE9F04F83B081460D4658B1C5B1B9F888
:1006A0000A00072824D8484603B0BDE8F04FF8F701
:1006B00095BC00BF42F6A05043F65A13C0F60100A5
:1006C0007AA1C0F60103CF2202F0E6F8002DE6D1B0
:1006D00042F6A05043F65A13C0F6010079A1C0F6C5
:1006E0000103D02202F0D8F8B9F80A000728DAD9B5
:1006F00040F2147BC2F2000BDBF80010DBF81400B0
:10070000D9F80440F3F78AFF218807460846F4F732
:10071000C3FF618802900846F4F7BEFF41F28821CA
:10072000C2F201010968002900F086800646002413
:100730004FF0000A05E000BF924600BFE1680029C3
:1007400060D0488AA0460C46B042F7D115B1207A55
:1007500070B915E042F6A05043F65A13C0F60100F6
:100760005FA18822C0F6010302F096F8207A38B122
:10077000DBF8041091F830100131C9B28842DDD1A4
:100780002068DBF814105FB1002818BF11F10102D6
:100790000AD0AA6881EA00031A42CFD104E000BF60
:1007A000002818BF8842C9D1227C52070ED4BAF162
:1007B000000F22460BD04FB1013107D1DAF80020EB
:1007C00069688A4202D0884208BFA2465246A08A7F
:1007D00002998842B0D1606820B1DBF810109246CF
:1007E0008842ABD1B8F1000F09D041F28822C2F2A1
:1007F0000102E0681168C8F80C00E1601460A246CC
:1008000003E000BFBAF1000F16D048460821F8F700
:10081000EDFDE0B9DAF81870002F3FF444AFDAF8D4
:100820001C00029E0BF1100351464A460096B84741
:1008300003B0BDE8F08F00BF6868DBF81410884291
:100840007FF431AF48460821F8F7D0FD90B142F669
:10085000A05043F65A13C0F601002BA1C0F60103C5
:100860004FF4B87202F018F8484603B0BDE8F04FF4
:10087000F8F7B4BB002F7FF416AFDBF8140000F0DC
:10088000F000E0283FF40FAFBBF80C00083001B2D5
:100890004846F8F781FC48460321F3F76FFD4846C8
:1008A00003B0BDE8F04FF8F799BB00BF7564705F07
:1008B000696E7075743A20696E76616C6964207037
:1008C000627566007564705F696E7075743A206950
:1008D0006E76616C6964206E657469660000000064
:1008E0007564705F696E7075745F6C6F63616C5F67
:1008F0006D617463683A20696E76616C6964206E1C
:100900006574696600000000706275665F72656DEF
:100910006F76655F686561646572206661696C65A4
:10092000640A0000002818BF002901D1704700BFE9
:10093000D0F800C0BCF1000FF8D00B68002BF5D048
:1009400041F28823C2F201031B6800E0DB68002B40
:10095000ECD01A68624503D10A681A60D0F800C06A
:10096000DB68002BE2D01A68624503D10A681A607E
:10097000D0F800C0DB68002BD8D01A68624503D1DC
:100980000A681A60D0F800C0DB68002B08BF704707
:100990001A686245DAD10A681A60D0F800C0D5E753
:1009A00010B500200024F6F79BFB002808BF10BDFF
:1009B000FF21C0E90044C0E90244C0E90444C0E9A1
:1009C0000644C17210BD000000281CBFC0E9061219
:1009D000704742F6A05043F65A13C0F6010003A137
:1009E000C0F6010340F28A4201F056BF7564705FA1
:1009F000726563763A20696E76616C696420706313
:100A00006200000040B341F28822C2F201020146B6
:100A1000106888421AD0D8B1C26812B18A4203461F
:100A200012D0AAB1D06810B1884213460CD078B168
:100A3000C26812B18A42034606D04AB1D068002883
:100A4000E9D088421346E6D103F10C02C868106071
:100A50000020F6F7BFB800BF42F6A05043F65A1385
:100A6000C0F6010003A1C0F6010340F2A14201F06B
:100A700013BF00BF7564705F72656D6F76653A2055
:100A8000696E76616C69642070636200D0E901323E
:100A900001699A60D1F804C082688445536008BF38
:100AA0004A600022026108680138086008687047DF
:100AB00010B538B1044600F093F8A46B00F0B4F818
:100AC000204610BD4FF0500080F31188BFF36F8FA8
:100AD000BFF34F8FFEE7000000281CBF806B7047FC
:100AE0004FF0500080F31188BFF36F8FBFF34F8F2B
:100AF000FEE7000041F29043C2F20103036041F2BD
:100B00009020C2F201000860802010607047000051
:100B100041F6EC03C2F20103036041F2EC40C2F281
:100B2000010008604FF48070106070474FF0FF3193
:100B3000024642F8081F00214260C0E9032201601A
:100B400070470000002101617047000010B5D1F826
:100B500000E01EF1010213D000F10804626813687E
:100B6000734511D853681C68744511D85A681468C5
:100B700074450FD854682368A4467345EED90BE03A
:100B80000269D2F804C007E09446224604E000BFA0
:100B90009C4601E094461A46C1F804C0CCF80810FF
:100BA0008A605160086101680131016010BD000078
:100BB000D0F800C0436808619A684B608A609A6800
:100BC000996051600CF1010101607047DFF80C0081
:100BD000016841F4700101607047000088ED00E099
:100BE0004FF0500080F31188BFF36F8FBFF34F8F2A
:100BF00040F23000C2F2000001684A1C026009B1F4
:100C0000704700BF4EF60450CEF2000000680006A8
:100C100008BF70474FF0500080F31188BFF36F8F0B
:100C2000BFF34F8FFEE7000040F23000C2F2000039
:100C3000016839B10139016018BF7047002080F3A5
:100C4000118870474FF0500080F31188BFF36F8F09
:100C5000BFF34F8FFEE7000070B5002808BF70BDDE
:100C600040F23025C2F200050446287854F8041CEE
:100C7000002818BF4FF0004008420DD0A4F108062C
:100C800032689AB14FF0500080F31188BFF36F8F34
:100C9000BFF34F8FFEE700BF4FF0500080F3118885
:100CA000BFF36F8FBFF34F8FFEE700BF21EA000055
:100CB00044F8040C00F04EFB54F8041CA8680844E7
:100CC000A86005F1180000BF0368B3420AD2186893
:100CD000B04225D20368B34204D218681A46B04223
:100CE000F2D301E0024618465368D418B44202D148
:100CF0001944164651607318834206D16B689842B6
:100D000003D0D0E9000319447160B242306018BFCB
:100D10001660686901306861BDE8704001F0EABCA6
:100D20001A465368D418B442E5D1E1E74EF21000F8
:100D3000CEF2000000210160816040F22801C2F281
:100D40000001096844F6D352C1F26202A1FB02120B
:100D50004FF0FF3101EB92114160072101607047B4
:100D600040F25020EFF305811029C2F2000011D3A8
:100D70004EF2F032CEF20002895C0278914209D242
:100D80004FF0500080F31188BFF36F8FBFF34F8F88
:100D9000FEE700BF4EF60C51CEF200010968406834
:100DA00001F4E061814298BF70474FF0500080F33A
:100DB0001188BFF36F8FBFF34F8F00BFFEE70000B6
:100DC00041F6481CC2F2010CDCF8002022B3634655
:100DD00053F8082F42B3634653F8102F52B36346BB
:100DE00053F8182F62B3634653F8202F72B363464B
:100DF00053F8282F82B3634653F8302F92B36346DB
:100E000053F8382F002A18BF7047072219600CEBDF
:100E1000C2014860704700BF0022634619600CEBB6
:100E2000C2014860704700BF012219600CEBC2018B
:100E300048607047022219600CEBC201486070479D
:100E4000032219600CEBC20148607047042219604C
:100E50000CEBC20148607047052219600CEBC2011F
:100E600048607047062219600CEBC2014860704769
:100E700080B341F64811C2F201010B4653F8042F2A
:100E80004FF0000C82422FD00B4653F80C2F8242B9
:100E90002CD00B4653F8142F824229D00B4653F81E
:100EA0001C2F824226D00B4653F8242F824223D097
:100EB0000B4653F82C2F824220D00B4653F8342F88
:100EC00082421DD00B4653F83C2F82421DD107228F
:100ED00017E000BF4FF0500080F31188BFF36F8F11
:100EE000BFF34F8FFEE700BF00220AE0012208E0B7
:100EF000022206E0032204E0042202E0052200E0D0
:100F0000062241F832C0C3F800C090F8461000290C
:100F100018BF7047FFF7A0BE41F64811C2F20101A9
:100F20000B4653F8042F4FF0000C82422AD00B4698
:100F300053F80C2F82422BD00B4653F8142F8242C9
:100F40002CD00B4653F81C2F82422DD00B4653F861
:100F5000242F82422ED00B4653F82C2F82422FD0C2
:100F60000B4653F8342F824230D00B4653F83C2FB7
:100F7000824218BF7047072041F830C0C3F800C054
:100F8000704700BF002041F830C0C3F800C0704770
:100F9000012041F830C0C3F800C07047022041F87A
:100FA00030C0C3F800C07047032041F830C0C3F818
:100FB00000C07047042041F830C0C3F800C070473B
:100FC000052041F830C0C3F800C07047062041F842
:100FD00030C0C3F800C0704770B515460E460446D1
:100FE000FFF7FEFD94F84400FF2804BF002084F8BA
:100FF000440094F84500FF2804BF002084F8450011
:10100000FFF712FEA06B28B12046BDE87040F8F74C
:101010008DBE00BF04F1240031462A4600F092F84C
:101020002046BDE87040F8F781BE000070B588B377
:1010300040F27C15C2F200050446686950B14FF0D9
:10104000500080F31188BFF36F8FBFF34F8F00BF45
:10105000FEE700BF686901306861AE692868043046
:10106000FFF714FD2868A419446005D3286A29688D
:101070000431FFF76BFD08E0E86929680431FFF7E8
:1010800065FDE86A844238BFEC6201F033FB00285A
:1010900018BF70BD4EF60450CEF200004FF08051E4
:1010A0000160BFF34F8FBFF36F8F70BD40F27C11B3
:1010B000C2F200018A6B02608969416070470000DA
:1010C00040F27C10C2F20000012101637047000071
:1010D00070B5D8B140F27C14C2F200040D4621680C
:1010E0001831FFF733FDA66920680430FFF7CEFC06
:1010F000681C15D02068AD19456019D3206A216895
:101100000431BDE87040FFF721BD00BF4FF0500033
:1011100080F31188BFF36F8FBFF34F8FFEE700BFDF
:1011200054F8500B011D2046BDE87040FFF740BD4C
:10113000E06921680431FFF709FDE06A854238BFA4
:10114000E56270BDF0B581B0C0B140F27C14C2F26E
:1011500000040D46216816461831FFF729FDA769DE
:1011600020680430FFF792FC96B154F8500B011D33
:10117000204601B0BDE8F040FFF71ABD4FF0500027
:1011800080F31188BFF36F8FBFF34F8FFEE700BF6F
:101190002068ED19456007D3206A2168043101B049
:1011A000BDE8F040FFF7D2BCE06921680431FFF7E9
:1011B000CDFCE06A854238BFE56201B0F0BD0000B9
:1011C000F0B581B020B3026D04461AB3E36CE06A57
:1011D0008B4288BF194688421AD0012A18D140F2A2
:1011E0007C16C2F200063268A2421DD0A269E162FA
:1011F000002A5CBFC1F13801A16148F23C27616956
:1012000000EB8000C2F2000707EB8000814215D09E
:1012100001B0F0BD4FF0500080F31188BFF36F8F25
:10122000BFF34F8FFEE700BF4FF0500080F31188EF
:10123000BFF36F8FBFF34F8FFEE700BF251D28461A
:10124000FFF724FCE06A716A884288BF706200EB95
:10125000800007EB8000294601B0BDE8F040FFF7B1
:10126000A7BC000010B588B00020CDE9050006A895
:1012700005A904AAFFF73EFC059800283ED0069C6D
:10128000002C45D05C21049A079107995C2949D12B
:1012900007992063022084F8590007A80021CDE9AE
:1012A000001049F28970C0F6000028A100230294C2
:1012B000F8F7AEFA2046F8F721F9079840F27C14C7
:1012C000C2F20004A062B0B101F08CFA411C33D02C
:1012D000012810D14FF0500080F31188BFF36F8FB9
:1012E000BFF34F8F4FF0FF30E062012020610020FC
:1012F000A06100F095F808B010BD00BF4FF050009D
:1013000080F31188BFF36F8FBFF34F8FFEE700BFED
:101310004FF0500080F31188BFF36F8FBFF34F8FF2
:10132000FEE700BF4FF0500080F31188BFF36F8FCE
:10133000BFF34F8FFEE700BF4FF0500080F31188DE
:10134000BFF36F8FBFF34F8FFEE700BF49444C459B
:101350000000000040F27C10C2F20000416901313F
:101360004161704780B540F27C1EC2F2000EDEF88B
:10137000141019B10121CEF8301080BD0021CEF833
:101380003010DEF8241048F23C2C01EB8103C2F24D
:10139000000C5CF823208AB101EB81020CEB820384
:1013A00053F8042F5268181D82421A6020D0D0686A
:1013B000CEF80000CEF8241080BD00BF0CEB8302F5
:1013C000A2F12803E1B15A6922BB012918D01A6899
:1013D00012BB022914D053F8142CFAB903290FD0E8
:1013E00053F8282C0439002AA3F15003EAD0D3E79C
:1013F00052681A60D068CEF80000CEF8241080BD84
:101400004FF0500080F31188BFF36F8FBFF34F8F01
:10141000FEE700BF0139BFE70239BDE70339BBE78B
:10142000B0B584B04EF2004CCEF2000C4CF27021FC
:10143000C4F20F11DCF800294B1C9A420AD14FF07C
:10144000500080F31188BFF36F8FBFF34F8F00BF41
:10145000FEE700BFDCF800298A4209D14FF05000B6
:1014600080F31188BFF36F8FBFF34F8FFEE700BF8C
:101470009CF800100291FF218CF800109CF80010DD
:101480008DF807109DF8071001F0500240F250212E
:10149000C2F200010A7007224A609DF90720B2F1EA
:1014A000FF3F69DC032200BFD31C4B609DF807009F
:1014B00040008DF807009DF90700B0F1FF3F23DCE5
:1014C000931C4B609DF8070040008DF807009DF9C4
:1014D0000700B0F1FF3F17DC531C4B609DF807007D
:1014E00040008DF807009DF90700B0F1FF3F0BDCCD
:1014F0004A609DF80700043A40008DF807009DF906
:1015000007000028D0D4131D032B35D14FF44070B1
:10151000486002988CF80000DCF8200940F4700064
:10152000CCF82009DCF8200940F07040CCF8200904
:10153000FFF7FCFB40F23004C2F2000400252560F6
:10154000FFF744FB4EF63470CEF20000016841F024
:1015500040410160F8F7F0F9FFF704FF03952068B8
:101560004FF0500181F31188BFF36F8FBFF34F8F9E
:10157000013011D0FEE700BF4FF0500080F311881A
:10158000BFF36F8FBFF34F8FFEE700BF039830B9F3
:10159000039820B9039810B903980028F6D00020CA
:1015A00004B0B0BD80B54FF0500080F31188BFF398
:1015B0006F8FBFF34F8F00F051FF30B14EF60450E4
:1015C000CEF200004FF080510160002080F31188BE
:1015D00080BD000010B568B10C46814214D94FF0AF
:1015E000500080F31188BFF36F8FBFF34F8F00BFA0
:1015F000FEE700BF4FF0500080F31188BFF36F8FFC
:10160000BFF34F8FFEE700BF0021022200F0F0F889
:10161000002818BF846310BD70B582B060B10D465C
:10162000814213D94FF0500080F31188BFF36F8FC0
:10163000BFF34F8FFEE700BF4FF0500080F31188DB
:10164000BFF36F8FBFF34F8FFEE700BF14468AB31F
:10165000502101910199502936D10199012100268B
:1016600084F846102460C4E90F06FFF7B9FA206831
:10167000D4E90F12A66302FB0103013901FB020149
:10168000C4E90103FF20E16084F8440084F84500C8
:1016900004F11000FFF74AFA04F12400FFF746FABC
:1016A000FFF7C2FA022084F84C002046A56302B07E
:1016B00070BD00BF4FF0500080F31188BFF36F8FF3
:1016C000BFF34F8FFEE700BF4FF0500080F311884B
:1016D000BFF36F8FBFF34F8FFEE7000070B5054675
:1016E0005020F8F75DFB044670B30026012084F813
:1016F00046602460C4E90F06FFF772FA2068D4E957
:101700000F12A66302FB0103013901FB0201C4E9C8
:101710000103FF20E16084F8440084F8450004F1EF
:101720001000FFF703FA04F12400FFF7FFF9FFF7B9
:101730007BFA204600210022002384F84C502660CA
:10174000C4E9026600F008F9204670BD70B582B0A9
:10175000D1B3054650200190019850283ED1019800
:10176000012000260C4681F846000960C1E90F06F9
:10177000FFF736FA2068D4E90F12A66302FB0103D3
:10178000013901FB0201C4E90103FF20E16084F893
:10179000440084F8450004F11000FFF7C7F904F194
:1017A0002400FFF7C3F9FFF73FFA2046002100228B
:1017B000002384F84C502660C4E9026600F0CCF89F
:1017C000204602B070BD00BF4FF0500080F311887A
:1017D000BFF36F8FBFF34F8FFEE700BF4FF0500096
:1017E00080F31188BFF36F8FBFF34F8FFEE70000C8
:1017F0002DE9F041B0B306464843503014460F4639
:10180000F8F7CEFA054650B34FF00008284685F8A1
:101810004680002F18BF50302860C5E90F67FFF7DA
:10182000DFF92868D5E90F12C5F8388002FB0103FB
:10183000013901FB0201C5E90103FF20E96085F8D8
:10184000440085F8450005F11000FFF76FF905F138
:101850002400FFF76BF9FFF7E7F985F84C402846BD
:10186000BDE8F0814FF0500080F31188BFF36F8F17
:10187000BFF34F8FFEE7000070B582B070B11C4619
:10188000B3B1F9B9F2B14FF0500080F31188BFF352
:101890006F8FBFF34F8F00BFFEE700BF4FF05000C8
:1018A00080F31188BFF36F8FBFF34F8FFEE700BF48
:1018B0004FF0500080F31188BFF36F8FBFF34F8F4D
:1018C000FEE700BF51B14AB94FF0500080F31188D4
:1018D000BFF36F8FBFF34F8FFEE700BF502301931D
:1018E000019B502B2ED1019B069E012384F846308C
:1018F000002908BF22462260C4E90F01FFF770F9F2
:101900002068D4E90F12002502FB0103013901FB15
:101910000201A563C4E90103FF20E16084F84400EB
:1019200084F8450004F11000FFF700F904F12400E9
:10193000FFF7FCF8FFF778F9204684F84C6002B016
:1019400070BD00BF4FF0500080F31188BFF36F8F60
:10195000BFF34F8FFEE700002DE9F04F83B00292F6
:10196000C0B11D4617460E460446E9B1022D03D10B
:10197000E06B012840F0888000F050FD10BB0FB3F1
:101980004FF0500080F31188BFF36F8FBFF34F8F7C
:10199000FEE700BF4FF0500080F31188BFF36F8F58
:1019A000BFF34F8FFEE700BF206C0028DED04FF062
:1019B000500080F31188BFF36F8FBFF34F8F00BFCC
:1019C000FEE700BFFFF70CF9A06B022D66D0E16BBC
:1019D000884263D304F1100801206F460DF1080915
:1019E0000DE000BF2046F8F7A1F900F083FEFFF7F5
:1019F000F7F8A06BE16B88424FF000004ED30299DC
:101A0000002973D0C00702D03846FFF74FFBFFF71D
:101A10000BF9FFF79FFCFFF7E3F894F84400FF2869
:101A200004BF002084F8440094F84500FF2804BF58
:101A3000002084F84500FFF7F7F83846494600F0E3
:101A400029FC002858D1FFF7CBF8D4F838A0D4F8F7
:101A50003CB0FFF7E9F8DA45C4D102994046FFF7F8
:101A600037FB2046F8F762F900F044FE0028BED1AB
:101A70004EF60450CEF200004FF080510160BFF3EB
:101A80004F8FBFF36F8FB2E74FF0500080F3118894
:101A9000BFF36F8FBFF34F8FFEE700BFA76B226CC2
:101AA000D2B19DB3E0683146EEF7E0FBE168206C0F
:101AB0002268091A9142E16003D2A16840420844B9
:101AC000E060A81EB0FA80F040093946002F18BF28
:101AD000012108403F1A26E02068002520BBA068AD
:101AE00000F03EFDA56005461EE000BFFFF79CF834
:101AF000002003B0BDE8F08F2046F8F717F900F09A
:101B0000F9FD002003B0BDE8F08F00BF60683146EA
:101B1000EEF7ACFB216CD4E901020844904260600E
:101B200001D3206860600025781CA06354F8240F5E
:101B3000A0B1204600F0A4FD50B14EF60450CEF204
:101B400000004FF080510160BFF34F8FBFF36F8FE4
:101B5000FFF76AF8012003B0BDE8F08F002DF7D041
:101B60004EF60450CEF200004FF080510160BFF3FA
:101B70004F8FBFF36F8FFFF757F8012003B0BDE819
:101B8000F08F00002DE9F04700B31E4614460546CD
:101B90000F4629B3022E02D1E86B012852D1FFF77C
:101BA000DFF8EFF311884FF0500080F31188BFF396
:101BB0006F8FBFF34F8FA86B022E1FD0E96B884247
:101BC0001CD3002088F31188BDE8F0874FF0500047
:101BD00080F31188BFF36F8FBFF34F8FFEE700BF15
:101BE000286C0028D6D04FF0500080F31188BFF346
:101BF0006F8FBFF34F8F00BFFEE700BF95F8459092
:101C0000A86BD5F838A02A6C32B36EB3E8683946B1
:101C1000EEF72CFBE968286C2A68091A9142E96002
:101C200003D2A96840420844E860B01EB0FA80F0D0
:101C300040095146BAF1000F18BF01210840AAEB34
:101C4000000A1EE04FF0500080F31188BFF36F8F41
:101C5000BFF34F8FFEE700BF286890B9A86800F077
:101C60007FFC0020A8600CE068683946EEF7FEFAB9
:101C7000296CD5E9010208449042686001D32868C4
:101C800068600AF10100B9F1FF0FA86310D155F89F
:101C9000240FB8B1284600F0F3FC0146002C4FF0A9
:101CA000010018BF002913D188F31188BDE8F0871F
:101CB00009F1010085F84500012088F31188BDE88D
:101CC000F08700BF012088F31188BDE8F08700BFCE
:101CD0000120206088F31188BDE8F08770B568B1F5
:101CE0000546006CA0B14FF0500080F31188BFF39F
:101CF0006F8FBFF34F8F00BFFEE700BF4FF0500064
:101D000080F31188BFF36F8FBFF34F8FFEE700BFE3
:101D100028680C4660B3FFF723F8EFF311864FF005
:101D2000500080F31188BFF36F8FBFF34F8FA96B03
:101D3000E86B814218D295F845000131FF28A9636C
:101D400024D155F8240F48B3284600F099FC0146E9
:101D5000002C4FF0010018BF00291BD0012020608B
:101D600086F3118870BD00BF002086F3118870BD16
:101D7000A8680028CFD04FF0500080F31188BFF33F
:101D80006F8FBFF34F8F00BFFEE700BF013085F8B4
:101D90004500012086F3118870BD00BF012086F345
:101DA000118870BDB0B5A8B18568044600F030FB5D
:101DB00085421CBF0020B0BDE0680138E0601CBF58
:101DC0000120B0BD2046002100220023FFF7C4FD02
:101DD0000120B0BD4FF0500080F31188BFF36F8F2A
:101DE000BFF34F8FFEE700002DE9F04F83B0029262
:101DF00090B116460D460446002947D000F00EFB70
:101E0000A0B99EB14FF0500080F31188BFF36F8FDF
:101E1000BFF34F8FFEE700BF4FF0500080F31188F3
:101E2000BFF36F8FBFF34F8FFEE700BFFEF7D8FE03
:101E3000D4F838A0BAF1000F36D0226C52B1D4E9F0
:101E400002308118E160994224BF2168E160284690
:101E5000EEF70CFAAAF10100A06354F8100F70B16C
:101E6000204600F00DFC50B14EF60450CEF20000BA
:101E70004FF080510160BFF34F8FBFF36F8F01248C
:101E8000FEF7D2FE204603B0BDE8F08F206C00289C
:101E9000B4D04FF0500080F31188BFF36F8FBFF3C1
:101EA0004F8F00BFFEE700BF04F1240801206F46FA
:101EB0004FF000090DF1080B2EE000BFFEF7B4FE55
:101EC000FFF748FAFEF78CFE94F84400FF2808BF9D
:101ED00084F8449094F84500FF2808BF84F84590A2
:101EE000FEF7A2FE3846594600F0D4F9E0B120468C
:101EF000F7F71CFF00F0FEFBFEF772FEA66BFEF785
:101F000093FE002E3CD0FEF76BFED4F838A00020E4
:101F1000BAF1000F7FF491AF029949B3C007CDD059
:101F20003846FFF7C3F8C9E7FEF75AFEA66BFEF77F
:101F30007BFE2EB12046F7F7F9FE00F0DBFBE2E76F
:101F400002994046FFF7C4F82046F7F7EFFE00F08D
:101F5000D1FB0028D7D14EF60450CEF200004FF04E
:101F600080510160BFF34F8FBFF36F8FCBE700BF8E
:101F70000024FEF759FE204603B0BDE8F08F00BFF5
:101F80000024204603B0BDE8F08F00002DE9F043A7
:101F900081B000283ED0914605460E46002943D028
:101FA000FEF7DEFEEFF311884FF0500080F311884A
:101FB000BFF36F8FBFF34F8FAC6B002C42D095F8FF
:101FC00044702A6C52B1D5E902308118E960994217
:101FD00024BF2968E9603046EEF748F9601EFF2FFC
:101FE000A86335D155F8100F00283BD0284600F0E3
:101FF00047FB0146B9F1000F4FF0010004D0002962
:102000001CBF0120C9F8000088F3118801B0BDE8A9
:10201000F08300BF4FF0500080F31188BFF36F8F43
:10202000BFF34F8FFEE700BF286C0028B8D04FF0F9
:10203000500080F31188BFF36F8FBFF34F8F00BF45
:10204000FEE700BF002088F3118801B0BDE8F083EF
:10205000781C85F84400012088F3118801B0BDE8A0
:10206000F08300BF012088F3118801B0BDE8F08340
:102070002DE9F04F83B0029160B10446006C98B135
:102080004FF0500080F31188BFF36F8FBFF34F8F75
:10209000FEE700BF4FF0500080F31188BFF36F8F51
:1020A000BFF34F8FFEE700BF0D4600F0B7F958B9F8
:1020B00055B14FF0500080F31188BFF36F8FBFF31D
:1020C0004F8F00BFFEE700BFFEF78AFDA16BF9B19D
:1020D000481EA063206810B9F7F766FFA06054F8A7
:1020E000100F70B1204600F0CBFA50B14EF60450FC
:1020F000CEF200004FF080510160BFF34F8FBFF36D
:102100006F8F0124FEF790FD204603B0BDE8F08FED
:1021100004F124094FF0000B01206E4602AF4FF08E
:1021200000082AE0FEF780FDFFF714F9FEF758FDDE
:1021300094F84400FF2808BF84F844B094F84500A0
:10214000FF2808BF84F845B0FEF76EFD30463946DB
:1021500000F0A0F8D0B12046F7F7E8FD00F0CAFA89
:10216000FEF73EFDA56BFEF75FFD002D4ED0FEF79E
:1021700037FDA16B00200029AAD10299C1B3C00785
:10218000D0D03046FEF792FFCCE700BFFEF728FD27
:10219000D4F838A0FEF748FDBAF1000F06D020466B
:1021A000F7F7C4FD00F0A6FAE1E700BF206838B9F0
:1021B000FEF716FDA06800F019FA8046FEF734FD20
:1021C00002994846FEF784FF2046F7F7AFFD00F07E
:1021D00091FA0028CBD14EF60450CEF200004FF019
:1021E00080510160BFF34F8FBFF36F8FBFE700BF18
:1021F000B8F1000F22D04FF0500080F31188BFF3E8
:102200006F8FBFF34F8F00BFFEE700BFB8F1000F25
:102210000AD0FEF7E5FCD9F8000058B1206B006841
:10222000C0F1380107E000BF0024204603B0BDE83C
:10223000F08F00BF0021A068FEF7C2FF0024FEF768
:10224000F3FC204603B0BDE8F08F000070B578B114
:10225000866804460D4600F0DBF8864212D0204620
:102260002946FFF705FF98B1E1680131E16070BDD3
:102270004FF0500080F31188BFF36F8FBFF34F8F83
:10228000FEE700BF0120E1680131E16070BD00BFE1
:10229000002070BDB0B5D8B10D4619B30446FEF7A5
:1022A0009FFC40F27C1CC2F2000CDCF8182029686C
:1022B0004B1C21D0D4E9000EDCF83830834221D009
:1022C00072451FD30124FEF7AFFC2046B0BD00BF0E
:1022D0004FF0500080F31188BFF36F8FBFF34F8F23
:1022E000FEE700BF4FF0500080F31188BFF36F8FFF
:1022F000BFF34F8FFEE700BF0024FEF795FC20469A
:10230000B0BD00BFA2EB0E0291420DD9881A286021
:10231000DCF838002060DCF8180060600024FEF76C
:1023200083FC2046B0BD00BF002001242860FEF7DA
:102330007BFC2046B0BD00002DE9F04383B007468A
:102340009000984615468946F7F72AFDF8B10646EB
:102350005C20F7F725FDB8B10446DDE90A1000223C
:10236000266384F85920CDE90010384649462A46AC
:1023700043460294F7F74CFA2046F7F7BFF80120DE
:1023800003B0BDE8F08300BF3046FEF765FC4FF0B8
:10239000FF3003B0BDE8F08370B586B00B9CCCB1C4
:1023A0000C9E0EB35C250495049D5C2D26D1049DE6
:1023B000DDF828C0022586F8595005AD3463CDE913
:1023C00000C50296F7F724FA3046F7F797F8059814
:1023D00006B070BD4FF0500080F31188BFF36F8FCF
:1023E000BFF34F8FFEE700BF4FF0500080F311881E
:1023F000BFF36F8FBFF34F8FFEE700BF4FF050006A
:1024000080F31188BFF36F8FBFF34F8FFEE700009B
:1024100040F27C10C2F200000068704740F27C106D
:10242000C2F20000016900290FBF01204069B0FA23
:1024300080F0400918BF40007047000040F27C1057
:10244000C2F200008069704780B5FEF789FC40F257
:102450007C10C2F20000806980BD00002DE9F043CD
:1024600081B040F27C16C2F20006706940B1706B18
:10247000002401307063204601B0BDE8F08300BF46
:10248000B06910F10109C6F8189020D3F06900680E
:1024900050B14FF0500080F31188BFF36F8FBFF33E
:1024A0004F8F00BFFEE700BFF069316AF161306213
:1024B000B06B0130B063F069006828B1F069C068A2
:1024C000C068406802E000BF4FF0FF30F062F06A81
:1024D00048F23C288145C2F2000801D200242EE0D7
:1024E000F0690024006813E0F86A716A884288BFC6
:1024F000706200EB800008EB80002946FEF758FB75
:10250000F86A3168C96AF269884228BF01241068F4
:1025100090B1F069C068C7683D4655F8040F814521
:102520000CD32846FEF7B2FAB86A0028DCD007F1CF
:102530001800FEF7ABFAD7E74FF0FF30F0623068D3
:10254000C06A00EB800058F82000012888BF0124F1
:10255000306B002818BF0124204601B0BDE8F0838D
:1025600070B588B140F27C16C2F2000604463068AD
:10257000A0420BD04FF0500080F31188BFF36F8F53
:10258000BFF34F8FFEE700BF002070BD206D18B372
:10259000411EE06AE26C216590424FF0000008BFE6
:1025A00070BDC1B9251D2846FEF770FAE06CC0F178
:1025B0003801E062A161716A884248F23C2188BF1B
:1025C000706200EB8000C2F2000101EB800029463E
:1025D000FEF7EEFA012070BD4FF0500080F3118835
:1025E000BFF36F8FBFF34F8FFEE70000F0B581B0F0
:1025F00010B340F27C16C2F200060446C06A31688D
:10260000C96A88421CD2A169002904D43168C96A08
:10261000C1F13801A16148F23C27616900EB8000FB
:10262000C2F2000707EB8000814213D03068C06A15
:10263000E062012001B0F0BD002001B0F0BD00BF9C
:10264000E16C3068C26A0020914238BF012001B0BD
:10265000F0BD00BF251D2846FEF718FA3068C06A95
:10266000E062716A884288BF706200EB800007EB0D
:1026700080002946FEF79CFA012001B0F0BD000061
:1026800070B5C068C5686DB105F118042046FEF745
:10269000FDF940F27C16C2F20006706960B106F1E5
:1026A00064001AE04FF0500080F31188BFF36F8F81
:1026B000BFF34F8FFEE700BF2C1D2046FEF7E6F963
:1026C000E86A716A884248F23C2188BF706200EB78
:1026D0008000C2F2000101EB80002146FEF768FA9B
:1026E000E86A3168C96A884292BF002001203063DD
:1026F00070BD00002DE9F04140F27C15C2F20005EA
:10270000686968B1FEF76CFA6869013868616869E0
:1027100080B10024FEF788FA2046BDE8F08100BFB2
:102720004FF0500080F31188BFF36F8FBFF34F8FCE
:10273000FEE700BFE8680028EBD0686E88B348F277
:102740003C26C2F200064FF0010800BF286FC768A0
:1027500007F11800FEF79AF93C1D2046FEF796F99E
:10276000F86A696A884288BF686200EB800006EBFD
:1027700080002146FEF71CFAF86A2968C96A884277
:1027800028BFC5F83080686E0028DFD1E86900688E
:1027900020B1E869C068C068406801E04FF0FF30D0
:1027A000E8626C6B4CB10126FFF758FE002818BF99
:1027B0002E63013CF8D100206863286B0028A8D064
:1027C0004EF60450CEF200004FF080510160BFF38E
:1027D0004F8F0124BFF36F8FFEF726FA2046BDE826
:1027E000F081000070B586B0FEF7FAF940F2F416F9
:1027F000C2F20006306808BB06F114042046FEF75A
:1028000095F906F128052846FEF790F948F2491295
:1028100048F2EC13C6E902450025C2F20002C2F2FA
:1028200000030A2010210095FFF726F8306028B138
:1028300042F69B51C0F60101FEF7C2FAFEF7F4F929
:102840003068D8B10020CDE9040005A804A903AA86
:10285000FEF75EF9DDE903200221059DCDE90010B8
:1028600049F6A110C0F6000009A100230295FFF768
:1028700093FD706010B1012006B070BD4FF05000A4
:1028800080F31188BFF36F8FBFF34F8FFEE700BF58
:10289000546D7220537663000FB4054B10B503A935
:1028A000044A029800F02CF810BC5DF814FB0000FC
:1028B00079430008840400200FB4084B10B504A924
:1028C00002AA039800F01CF8044602A9002000F0B8
:1028D000B8F9204610BC5DF814FB0000432C010839
:1028E00002E008C8121F08C1002AFAD170477047D9
:1028F000002001E001C1121F002AFBD17047000037
:102900002DE9FF4F8BB088460546002606E02528B6
:102910000BD0DDE90D1290476D1C761C287800283D
:10292000F5D10FB03046BDE8F08F0024A146A24695
:102930000122AE4900E0044315F8013F203B02FAB2
:1029400003F00842F7D128782A2810D06FF02F0220
:102950002878A0F13001092915D809EB890102EB8B
:10296000410144F0020400EB01096D1CF0E758F846
:10297000041B5FEA010903D544F40054C9F10009BE
:1029800044F002046D1C28782E2817D115F8010F89
:1029900044F004042A280ED06FF02F022878A0F10A
:1029A000300109290AD80AEB8A0102EB410100EB48
:1029B000010A6D1CF2E758F804AB6D1C28786C28EE
:1029C0000FD006DC4C2817D068280DD06A2814D107
:1029D00004E0742810D07A280FD10DE044F40014DC
:1029E0000AE044F4801401E044F440146978814220
:1029F00002D104F580146D1C6D1C2878692865D0FF
:102A000006DC00288DD0632827D0642806D15DE03D
:102A10006E2808D073282AD0752877D0DDE90D12EA
:102A20009047761CE0E0C4F30250022809D0032846
:102A30000DD0D8F8001004280DD00E6008F104085D
:102A4000D2E0D8F80010F217C1E90062F6E7D8F832
:102A500000100E80F2E70E70F0E718F8041B8DF8F6
:102A6000001000208DF80100EB46012003E058F82B
:102A700004BB4FF0FF3061074FF0000701D40AE0BC
:102A80007F1C57450DDA8742FADB1BF80710002937
:102A9000F6D106E07F1C8742FCDB1BF807100029FB
:102AA000F8D1DDE90D23A9EB07008146214600F0AE
:102AB000B1F83044C61904E0DDE90D121BF8010B32
:102AC00090477F1EF8D22146484688E058F8040B0C
:102AD000C4F302514FF00A0B032900D100B20429BC
:102AE00000D140B2002802DA40422D2102E0210547
:102AF00005D52B218DF82410012104E006E0E10723
:102B000010D02021F6E708AF089113E058F8040B25
:102B1000C4F302514FF00A0B032900D180B20429FB
:102B200000D1C0B20021EEE75946EDF7EAFB3031A3
:102B300007F8011D0028F7D1ADEB070000F1200BCD
:102B4000600702D524F4803401E04FF0010ADA4531
:102B500002DDAAEB0B0000E00020824600EB0B0137
:102B600008980144A9EB01000A90E00306D4DDE9CE
:102B70000D2321460A9800F04DF806444FF0000955
:102B800008E009A911F80900DDE90D12904709F1E3
:102B90000109761C08998945F3DBE0030CD5DDE9D2
:102BA0000D2321460A9800F035F8064404E0DDE9DB
:102BB0000D1230209047761CBAF10001AAF1010AEB
:102BC000F5DC05E0DDE90D1217F8010B9047761CE6
:102BD000BBF10001ABF1010BF4DC0A982146DDE901
:102BE0000D2300F005F806446D1C97E60928010046
:102BF0002DE9F041044600251E461746880404D4FA
:102C000005E039462020B0476D1C641EF9D52846E2
:102C1000BDE8F0812DE9F041044600251E469046AE
:102C2000C80301D5302700E02027880404D505E03B
:102C300041463846B0476D1C641EF9D52846BDE8AC
:102C4000F0810A68531C0B60107070470000000090
:102C5000000000000102030406070809000000004C
:102C6000010203048F2D0108000000000000000095
:102C7000000000000000000000020000180000003A
:102C80000000000000000000FFFFFFFFFFFF00004A
:102C90000000000000000000FA00000029F7000812
:102CA000E8030000F5530008E8030000DD3D0008DC
:102CB00018000F00340700208C02002010000200D2
:102CC0009F0800209002002028000400C208002075
:102CD0009402002010001000682F0020A4020020A1
:102CE0006002100065090020A802002020000500F5
:102CF0006B3000208802002020060C000E310020DE
:102D00004481002010000300917A0020A0020020DE
:102D100010000800C47A002098020020100008006B
:102D2000477B00209C0200209C000500AD7C002019
:102D30007C0200201C000800CA7B002080020020CA
:102D400010001000BC7F002084020020200004003E
:102D5000BF800020780200204C2D0108282D01089A
:102D6000342D0108402D0108EC2C0108B02C01087D
:102D7000BC2C0108C82C0108102D01081C2D0108CD
:102D8000042D0108D42C0108E02C01080000006487
:102D9000656661756C745461736B00546D7251009B
:102DA000417373657274696F6E20222573222066E9
:102DB00061696C6564206174206C696E65202564AE
:102DC00020696E2025730A002E2E2F4D6964646CD5
:102DD0006577617265732F54686972645F506172C0
:102DE00074792F4C7749502F7372632F6170692F5C
:102DF0006170695F6C69622E63006E6574636F6EEB
:102E00006E5F636C6F73653A20696E76616C69649E
:102E100020636F6E6E006E6574636F6E6E5F7265B9
:102E200063765F7463705F706275663A20696E7670
:102E3000616C696420636F6E6E006E6574636F6EA3
:102E40006E5F726563763A20696E76616C696420A4
:102E5000706F696E74657200737461746521006CC3
:102E60007769705F6E6574636F6E6E5F646F5F77B6
:102E7000726974656D6F72653A20696E76616C690E
:102E800064206C656E6774682100636F6E6E2D3E02
:102E900063757272656E745F6D73672D3E6D7367D7
:102EA0002E772E766563746F725F636E74203E209A
:102EB0003000636F6E6E2D3E63757272656E745F67
:102EC0006D736720213D204E554C4C00636F6E6E34
:102ED00020213D204E554C4C002E2E2F4D69646410
:102EE0006C6577617265732F54686972645F5061B5
:102EF0007274792F4C7749502F7372632F61706908
:102F00002F6170695F6D73672E6300616C7265611C
:102F100064792077726974696E67206F7220636CC0
:102F20006F73696E67006163636570746D626F785B
:102F3000206D757374206265206465616C6C6F63CD
:102F400061746564206265666F72652063616C6C94
:102F5000696E6720746869732066756E6374696F43
:102F60006E002E2E2F4D6964646C657761726573F7
:102F70002F54686972645F50617274792F4C77497D
:102F8000502F7372632F6170692F6E65746275665E
:102F90002E63002E2E2F4D6964646C657761726517
:102FA000732F54686972645F50617274792F4C7723
:102FB00049502F7372632F6170692F746370697049
:102FC0002E630074637069705F7468726561643A3F
:102FD00020696E76616C6964206D657373616765E5
:102FE00000496E76616C6964206D626F78006D6572
:102FF0006D5F6D616C6C6F633A20616C6C6F6361C7
:10300000746564206D656D6F72792070726F706584
:10301000726C7920616C69676E65642E00706C75E6
:10302000675F686F6C65733A206D656D2D3E6E65E8
:103030007874203C3D204D454D5F53495A455F41D2
:103040004C49474E4544002E2E2F4D6964646C65F3
:1030500077617265732F54686972645F506172742E
:10306000792F4C7749502F7372632F636F72652FDE
:103070006D656D2E63006D656D5F667265653A20E6
:10308000696C6C6567616C206D656D6F72793A2053
:103090006E6F6E2D6C696E6B65643A20646F75623D
:1030A0006C652066726565006D656D5F667265654D
:1030B0003A20696C6C6567616C206D656D6F727923
:1030C0003A20646F75626C65206672656500696E92
:1030D00076616C6964206E65787420707472002E5D
:1030E0002E2F4D6964646C6577617265732F546827
:1030F0006972645F50617274792F4C7749502F73F5
:1031000072632F636F72652F6D656D702E6300693A
:103110006E76616C696420706F6F6C206465736398
:10312000006D656D705F667265653A206D656D2036
:1031300070726F7065726C7920616C69676E65641E
:10314000006D656D705F6D616C6C6F633A206D65CD
:103150006D702070726F7065726C7920616C696738
:103160006E6564002E2E2F4D6964646C6577617204
:1031700065732F54686972645F50617274792F4C63
:103180007749502F7372632F636F72652F6E65746A
:1031900069662E6300706275665F636F70792829B7
:1031A00020646F6573206E6F7420616C6C6F772084
:1031B0007061636B65742071756575657321002896
:1031C0006820213D204E554C4C292026262028746D
:1031D00020213D204E554C4C29202870726F67727B
:1031E000616D6D65722076696F6C617465732041E5
:1031F00050492900702D3E746F745F6C656E203DE0
:103200003D20702D3E6C656E20286F66206C6173CA
:1032100074207062756620696E20636861696E292A
:10322000007020213D204E554C4C00702D3E6E65A7
:103230007874203D3D204E554C4C002E2E2F4D696C
:1032400064646C6577617265732F54686972645F3A
:1032500050617274792F4C7749502F7372632F63CA
:103260006F72652F706275662E6300706275665F9F
:10327000636F7079206661696C656400696E766160
:103280006C696420706275665F7479706500696E40
:103290006372656D656E745F6D61676E6974756488
:1032A00065203C3D20702D3E6C656E007062756639
:1032B00020726566206F766572666C6F7700746346
:1032C000705F667265653A204C495354454E0074F0
:1032D00063705F736C6F77746D723A2054494D451B
:1032E0002D57414954207063622D3E73746174659B
:1032F000203D3D2054494D452D57414954007463AC
:10330000705F736C6F7774696D723A207065727359
:10331000697374207469636B696E67207769746878
:1033200020696E2D666C6967687420646174610041
:103330007463705F6162616E646F6E3A20696E766D
:10334000616C696420706362002E2E2F4D69646485
:103350006C6577617265732F54686972645F506140
:103360007274792F4C7749502F7372632F636F7289
:10337000652F7463702E63006E65775F7263765F8E
:10338000616E6E5F776E64203C3D203078666666C5
:1033900066007463705F736C6F7774696D723A2046
:1033A00070657273697374207469636B696E6720EA
:1033B0007769746820656D7074792073656E642018
:1033C000627566666572007463705F736C6F7774A4
:1033D0006D723A206D6964646C652074637020219D
:1033E0003D207463705F6163746976655F706362CA
:1033F00073007463705F736C6F77746D723A2066DC
:103400006972737420706362203D3D207463705F45
:103410006163746976655F70636273007463705F83
:10342000736C6F77746D723A206D6964646C65209B
:1034300074637020213D207463705F74775F7063E4
:103440006273007463705F736C6F77746D723A208F
:10345000666972737420706362203D3D20746370EE
:103460005F74775F70636273007463705F7265632B
:10347000656976653A207463706C656E203E2072D3
:1034800063765F776E640A007463705F726563656C
:103490006976653A206F6F736571207463706C652F
:1034A0006E203E207263765F776E640A00746370EC
:1034B0005F726563656976653A207365676D656EF1
:1034C00074206E6F74207472696D6D656420636F13
:1034D00072726563746C7920746F207263765F77A3
:1034E0006E640A007463705F696E7075743A207060
:1034F00063622D3E6E65787420213D2070636220EA
:10350000286265666F72652063616368652900746F
:1035100063705F696E7075743A207063622D3E6EE1
:1035200065787420213D207063622028616674658F
:103530007220636163686529007063622D3E736E5B
:10354000645F71756575656C656E203E3D207062C7
:1035500075665F636C656E286E6578742D3E7029A4
:10356000007063622D3E726566757365645F6461A9
:103570007461203D3D204E554C4C007463705F6972
:103580006E7075743A206163746976652070636249
:103590002D3E737461746520213D204C4953544580
:1035A0004E007463705F696E7075743A2061637465
:1035B000697665207063622D3E73746174652021A5
:1035C0003D2054494D452D57414954007463705F67
:1035D000696E7075743A2054494D452D57414954D0
:1035E000207063622D3E7374617465203D3D2054EC
:1035F000494D452D57414954002E2E2F4D69646485
:103600006C6577617265732F54686972645F50618D
:103610007274792F4C7749502F7372632F636F72D6
:10362000652F7463705F696E2E63007463705F77DB
:10363000726974653A20617267203D3D204E554C99
:103640004C202870726F6772616D6D6572207669AB
:103650006F6C617465732041504929007463705F19
:10366000656E71756575655F666C6167733A206E2E
:1036700065656420656974686572205443505F53C2
:10368000594E206F72205443505F46494E20696E58
:1036900020666C616773202870726F6772616D6D50
:1036A00065722076696F6C61746573204150492999
:1036B00000756E73656E745F6F76657273697A6597
:1036C000206D69736D6174636820287063622D3E9C
:1036D000756E73656E74206973204E554C4C2900CD
:1036E0006F76657273697A65203D3D203000707297
:1036F00065765F73656720213D204E554C4C007404
:1037000063705F77726974653A20696E76616C697F
:103710006420706362007463705F6F757470757499
:103720005F616C6C6F635F6865616465723A2069A4
:103730006E76616C696420706362007463705F729E
:1037400065786D69745F72746F5F636F6D6D6974B6
:103750003A20696E76616C696420706362002E2E77
:103760002F4D6964646C6577617265732F54686965
:1037700072645F50617274792F4C7749502F737265
:10378000632F636F72652F7463705F6F75742E6340
:10379000007463705F77726974653A20524F4D20F0
:1037A00070627566732063616E6E6F74206265204F
:1037B0006F76657273697A656400696E636F6E73A4
:1037C000697374656E74206F76657273697A6520AB
:1037D00076732E207370616365007463705F777217
:1037E0006974653A20657874656E73696F6E206FD1
:1037F00066207265666572656E63652072657175B7
:1038000069726573207265666572656E6365006EC8
:1038100065656420756E636861696E6564207062B9
:103820007566007463705F77726974653A207661BB
:103830006C6964207175657565206C656E67746868
:10384000007463705F656E71756575655F666C6148
:1038500067733A20696E76616C696420717565756D
:1038600065206C656E677468007463705F656E7167
:10387000756575655F666C6167733A20696E766120
:103880006C6964207365676D656E74206C656E6726
:10389000746800696E636F6E73697374656E74200B
:1038A0006F76657273697A652076732E206C656E0B
:1038B000007463705F77726974653A2063616E6E3D
:1038C0006F7420636F6E636174656E6174652077D9
:1038D00068656E207063622D3E756E73656E742030
:1038E000697320656D707479002E2E2F4D696464A4
:1038F0006C6577617265732F54686972645F50619B
:103900007274792F4C7749502F7372632F636F72E3
:10391000652F74696D656F7574732E6300737973A9
:103920005F74696D656F75743A2074696D656F7544
:103930007420213D204E554C4C2C20706F6F6C2014
:103940004D454D505F5359535F54494D454F555464
:1039500020697320656D707479002E2E2F4D696477
:10396000646C6577617265732F54686972645F5027
:10397000617274792F4C7749502F7372632F636F84
:1039800072652F7564702E63006E657469662D3ED6
:103990006877616464725F6C656E206D7573742006
:1039A0006265207468652073616D652061732045D0
:1039B00054485F4857414444525F4C454E20666F1F
:1039C000722065746861727021006E65746966208A
:1039D000213D204E554C4C00697061646472202179
:1039E0003D204E554C4C002E2E2F4D6964646C6565
:1039F00077617265732F54686972645F5061727485
:103A0000792F4C7749502F7372632F636F72652F34
:103A1000697076342F6574686172702E63002E2E83
:103A20002F4D6964646C6577617265732F546869A2
:103A300072645F50617274792F4C7749502F7372A2
:103A4000632F636F72652F697076342F69636D70B1
:103A50002E6300702D3E726566203D3D2031002EA4
:103A60002E2F4D6964646C6577617265732F54689D
:103A70006972645F50617274792F4C7749502F736B
:103A800072632F636F72652F697076342F6970349B
:103A90002E63002E2E2F4D6964646C65776172650C
:103AA000732F54686972645F50617274792F4C7718
:103AB00049502F7372632F636F72652F697076346C
:103AC0002F6970345F667261672E630073616E697F
:103AD000747920636865636B206C696E6B65642024
:103AE0006C697374000102030405060707070707E2
:103AF000070703060C18306078000000203B01081F
:103B00000000002038000000E0280108583B0108B0
:103B100038000020501D0100F028010800000000BE
:103B200000000000010000001000000000C00000C4
:103B30006E190000AD030008A5030008E1030008AA
:103B4000C1030008A90300080024F40000C000001D
:083B5000AAAAAAAA00000000C5
:04000005080001AD41
:00000001FF
